"","common_name","sci_name","resident","diurnal","pickiness","decline","widespread","hostplant","big","image","att"
"1","Buff Arches","Habrosyne pyritoides",TRUE,FALSE,"O",TRUE,TRUE,"",TRUE,"https://inaturalist-open-data.s3.amazonaws.com/photos/81359193/medium.jpg","(c) Michał Brzeziński, some rights reserved (CC BY-NC), uploaded by Michał Brzeziński"
"2","Peach Blossom","Thyatira batis",TRUE,FALSE,"O",TRUE,TRUE,"",TRUE,"https://inaturalist-open-data.s3.amazonaws.com/photos/75844/medium.jpg","(c) Shipher (士緯) Wu (吳), some rights reserved (CC BY-NC-SA)"
"3","Figure of Eighty","Tethea ocularis octogesima",NA,FALSE,NA,FALSE,NA,"",NA,"https://inaturalist-open-data.s3.amazonaws.com/photos/1711842/medium.jpg","(c) Tony Morris, some rights reserved (CC BY-NC)"
"4","Common Lutestring","Ochropacha duplaris",TRUE,FALSE,"O",FALSE,TRUE,"birches",FALSE,"https://inaturalist-open-data.s3.amazonaws.com/photos/46825479/medium.jpeg","(c) Alejandro Ocampo, some rights reserved (CC BY-NC), uploaded by Alejandro Ocampo"
"5","Oak Lutestring","Cymatophorina diluta hartwiegi",NA,FALSE,NA,TRUE,NA,"",NA,"https://inaturalist-open-data.s3.amazonaws.com/photos/12702286/medium.jpg","(c) richardjaybee, some rights reserved (CC BY-NC), uploaded by richardjaybee"
"6","Yellow-horned","Achlya flavicornis",TRUE,TRUE,"O",FALSE,FALSE,"",TRUE,"https://inaturalist-open-data.s3.amazonaws.com/photos/12277297/medium.jpg","(c) Nikolai Vladimirov, some rights reserved (CC BY-NC), uploaded by Nikolai Vladimirov"
"7","Frosted Green","Polyploca ridens",TRUE,FALSE,"O",TRUE,FALSE,"",FALSE,"https://static.inaturalist.org/photos/33942738/medium.jpg","(c) Paolo Mazzei, some rights reserved (CC BY-NC), uploaded by Paolo Mazzei"
"8","Oak Hook-tip","Watsonalla binaria",TRUE,TRUE,"P",TRUE,FALSE,"",FALSE,"https://inaturalist-open-data.s3.amazonaws.com/photos/70501506/medium.jpg","(c) Michał Brzeziński, some rights reserved (CC BY-NC), uploaded by Michał Brzeziński"
"9","Pebble Hook-tip","Drepana falcataria",TRUE,FALSE,"O",TRUE,TRUE,"",TRUE,"https://inaturalist-open-data.s3.amazonaws.com/photos/2581055/medium.jpg","(с) anonymous, некоторые права защищены (CC BY-SA)"
"10","Scalloped Hook-tip","Falcaria lacertinaria",TRUE,FALSE,"O",TRUE,FALSE,"",FALSE,"https://inaturalist-open-data.s3.amazonaws.com/photos/1105365/medium.jpg","(c) anonymous, some rights reserved (CC BY-SA)"
"11","Chinese Character","Cilix glaucata",TRUE,FALSE,"O",TRUE,TRUE,"",FALSE,"https://static.inaturalist.org/photos/57546789/medium.jpg","(c) Paolo Mazzei, some rights reserved (CC BY-NC), uploaded by Paolo Mazzei"
"12","The Vapourer","Orgyia antiqua",TRUE,TRUE,"P",FALSE,TRUE,"",FALSE,"https://inaturalist-open-data.s3.amazonaws.com/photos/789463/medium.jpg","(c) Dick, some rights reserved (CC BY-NC-SA)"
"13","Pale Tussock","Calliteara pudibunda",TRUE,FALSE,"P",FALSE,TRUE,"",TRUE,"https://inaturalist-open-data.s3.amazonaws.com/photos/133786501/medium.jpg","(c) Michał Brzeziński, some rights reserved (CC BY-NC), uploaded by Michał Brzeziński"
"14","Brown-tail","Euproctis chrysorrhoea",TRUE,FALSE,"P",TRUE,FALSE,"",FALSE,"https://inaturalist-open-data.s3.amazonaws.com/photos/28910942/medium.jpeg","(c) Stuart Tingley, some rights reserved (CC BY-NC), uploaded by Stuart Tingley"
"15","Yellow-tail","Euproctis similis",TRUE,FALSE,"P",TRUE,TRUE,"",TRUE,"https://inaturalist-open-data.s3.amazonaws.com/photos/1021969/medium.jpg","(c) naturalhistoryman, some rights reserved (CC BY-NC-ND)"
"16","Black Arches","Lymantria monacha",TRUE,FALSE,"P",FALSE,FALSE,"",TRUE,"https://inaturalist-open-data.s3.amazonaws.com/photos/107733097/medium.jpg","(c) Алла Мойсеенок, some rights reserved (CC BY-NC), uploaded by Алла Мойсеенок"
"17","Muslin Footman","Nudaria mundana",TRUE,FALSE,"O",FALSE,FALSE,"",FALSE,"https://inaturalist-open-data.s3.amazonaws.com/photos/2840887/medium.jpg","(c) Janet Graham, some rights reserved (CC BY)"
"18","Round-winged Muslin","Thumatha senex",TRUE,TRUE,"P",FALSE,FALSE,"",FALSE,"https://inaturalist-open-data.s3.amazonaws.com/photos/9228721/medium.jpg","(c) Paul Cook, some rights reserved (CC BY-NC-ND), uploaded by Paul Cook"
"19","Rosy Footman","Miltochrista miniata",TRUE,TRUE,"P",FALSE,FALSE,"",FALSE,"https://inaturalist-open-data.s3.amazonaws.com/photos/1153277/medium.jpg","(c) nutmeg66, some rights reserved (CC BY-NC-ND)"
"20","Four-dotted Footman","Cybosia mesomella",TRUE,FALSE,"P",FALSE,FALSE,"",FALSE,"https://static.inaturalist.org/photos/19036869/medium.jpg","(c) sj_naturalist, all rights reserved"
"21","Buff Footman","Eilema depressa",TRUE,FALSE,"P",FALSE,TRUE,"",FALSE,"https://inaturalist-open-data.s3.amazonaws.com/photos/2840861/medium.jpg","(c) Tony Morris, some rights reserved (CC BY-NC)"
"22","Dingy Footman","Eilema griseola",TRUE,FALSE,"P",FALSE,TRUE,"",FALSE,"https://static.inaturalist.org/photos/86794359/medium.jpg","(c) Stefan Kunz, all rights reserved, uploaded by Stefan Kunz"
"23","Common Footman","Eilema lurideola",TRUE,FALSE,"P",FALSE,TRUE,"",FALSE,"https://inaturalist-open-data.s3.amazonaws.com/photos/813457/medium.jpg","(c) gailhampshire, some rights reserved (CC BY)"
"24","Scarce Footman","Eilema complana",TRUE,FALSE,"P",FALSE,FALSE,"",FALSE,"https://inaturalist-open-data.s3.amazonaws.com/photos/12332381/medium.jpg","(c) Nikolai Vladimirov, some rights reserved (CC BY-NC), uploaded by Nikolai Vladimirov"
"25","Orange Footman","Eilema sororcula",TRUE,FALSE,"P",FALSE,FALSE,"",FALSE,"https://inaturalist-open-data.s3.amazonaws.com/photos/130545400/medium.jpeg","(c) aga-ma, some rights reserved (CC BY-NC), uploaded by aga-ma"
"26","Cinnabar","Tyria jacobaeae",TRUE,TRUE,"P",TRUE,TRUE,"",TRUE,"https://inaturalist-open-data.s3.amazonaws.com/photos/2503807/medium.jpg","(c) Paul Cools, some rights reserved (CC BY-NC), uploaded by Paul Cools"
"27","White Ermine","Spilosoma lubricipeda",TRUE,FALSE,"P",TRUE,TRUE,"",TRUE,"https://inaturalist-open-data.s3.amazonaws.com/photos/36660/medium.jpg","(c) rhonddawildlifediary, some rights reserved (CC BY-SA)"
"28","Buff Ermine","Spilosoma luteum",NA,FALSE,NA,TRUE,NA,"",NA,"https://static.inaturalist.org/photos/97556449/medium.jpeg","(c) Raniero Panfili, all rights reserved, uploaded by Raniero Panfili"
"29","Muslin Moth","Diaphora mendica",TRUE,TRUE,"P",FALSE,TRUE,"",FALSE,"https://inaturalist-open-data.s3.amazonaws.com/photos/39780515/medium.jpeg","(c) olivje, some rights reserved (CC BY-NC)"
"30","Clouded Buff","Diacrisia sannio",TRUE,TRUE,"P",TRUE,FALSE,"",TRUE,"https://inaturalist-open-data.s3.amazonaws.com/photos/220514/medium.jpg","(с) degeerelle, некоторые права защищены (CC BY-NC-ND)"
"31","Ruby Tiger","Phragmatobia fuliginosa",TRUE,TRUE,"P",FALSE,TRUE,"",FALSE,"https://static.inaturalist.org/photos/29509297/medium.jpg","(c) Paolo Mazzei, some rights reserved (CC BY-NC), uploaded by Paolo Mazzei"
"32","Garden Tiger","Arctia caja",TRUE,FALSE,"P",TRUE,TRUE,"",TRUE,"https://inaturalist-open-data.s3.amazonaws.com/photos/107743691/medium.jpg","(c) Алла Мойсеенок, some rights reserved (CC BY-NC), uploaded by Алла Мойсеенок"
"33","Red Underwing","Catocala nupta",TRUE,FALSE,"P",FALSE,FALSE,"",TRUE,"https://inaturalist-open-data.s3.amazonaws.com/photos/53950/medium.jpg","(с) Graham Gavaghan, некоторые права защищены (CC BY-NC-ND)"
"34","The Blackneck","Lygephila pastinum",TRUE,FALSE,"P",TRUE,FALSE,"",TRUE,"https://inaturalist-open-data.s3.amazonaws.com/photos/8706339/medium.jpg","(c) Ryszard, some rights reserved (CC BY-NC)"
"35","Straw Dot","Rivula sericealis",TRUE,FALSE,"P",FALSE,TRUE,"",FALSE,"https://inaturalist-open-data.s3.amazonaws.com/photos/137712240/medium.jpg","(c) Michał Brzeziński, some rights reserved (CC BY-NC), uploaded by Michał Brzeziński"
"36","Waved Black","Parascotia fuliginaria",TRUE,FALSE,"P",TRUE,FALSE,"",FALSE,"https://inaturalist-open-data.s3.amazonaws.com/photos/1692381/medium.jpg","(c) Ben Sale, some rights reserved (CC BY)"
"37","The Herald","Scoliopteryx libatrix",TRUE,FALSE,"P",FALSE,TRUE,"",TRUE,"https://static.inaturalist.org/photos/112853720/medium.jpg","(c) David Beadle, all rights reserved, uploaded by dbeadle"
"38","Beautiful Snout","Hypena crassalis",TRUE,FALSE,"P",FALSE,FALSE,"",FALSE,"https://inaturalist-open-data.s3.amazonaws.com/photos/98682501/medium.jpg","(c) Heiner Ziegler, some rights reserved (CC BY-NC), uploaded by Heiner Ziegler"
"39","The Snout","Hypena proboscidalis",TRUE,FALSE,"M",FALSE,TRUE,"Common Nettle",FALSE,"https://inaturalist-open-data.s3.amazonaws.com/photos/950853/medium.jpg","(c) bramblejungle, some rights reserved (CC BY-NC)"
"40","Pinion-streaked Snout","Schrankia costaestrigalis",TRUE,FALSE,NA,FALSE,TRUE,"",FALSE,"https://static.inaturalist.org/photos/6564652/medium.jpg","(c) Roger C. Kendrick, all rights reserved, uploaded by Roger C. Kendrick"
"41","The Fan-foot","Zanclognatha tarsipennalis",NA,FALSE,NA,FALSE,NA,"",NA,"https://inaturalist-open-data.s3.amazonaws.com/photos/3944578/medium.JPG","(c) David Renoult, some rights reserved (CC BY-NC), uploaded by David Renoult"
"42","Small Fan-foot","Herminia grisealis",TRUE,FALSE,"P",TRUE,TRUE,"",FALSE,"https://inaturalist-open-data.s3.amazonaws.com/photos/19409039/medium.jpeg","(c) Annika Lindqvist, some rights reserved (CC BY), uploaded by Annika Lindqvist"
"43","Beautiful Hook-tip","Laspeyria flexula",TRUE,FALSE,"P",FALSE,FALSE,"",FALSE,"https://inaturalist-open-data.s3.amazonaws.com/photos/138211615/medium.jpg","(c) Michał Brzeziński, some rights reserved (CC BY-NC), uploaded by Michał Brzeziński"
"44","March Moth","Alsophila aescularia",TRUE,FALSE,"P",TRUE,TRUE,"",FALSE,"https://inaturalist-open-data.s3.amazonaws.com/photos/120539472/medium.jpg","(c) Michał Brzeziński, some rights reserved (CC BY-NC), uploaded by Michał Brzeziński"
"45","Grass Emerald","Pseudoterpna pruinata atropunctari",NA,FALSE,NA,TRUE,NA,"",NA,"https://inaturalist-open-data.s3.amazonaws.com/photos/55794365/medium.jpeg","(c) Pascal Dubois, some rights reserved (CC BY-NC), uploaded by Pascal Dubois"
"46","Large Emerald","Geometra papilionaria",TRUE,TRUE,"P",TRUE,TRUE,"",TRUE,"https://inaturalist-open-data.s3.amazonaws.com/photos/1699533/medium.jpg","(c) nutmeg66, some rights reserved (CC BY-NC-ND)"
"47","Blotched Emerald","Comibaena bajularia",TRUE,FALSE,"O",TRUE,FALSE,"",FALSE,"https://inaturalist-open-data.s3.amazonaws.com/photos/28898574/medium.jpg","(c) Andrey Ponomarev, some rights reserved (CC BY-NC), uploaded by Andrey Ponomarev"
"48","Common Emerald","Hemithea aestivaria",TRUE,FALSE,"P",TRUE,TRUE,"",FALSE,"https://inaturalist-open-data.s3.amazonaws.com/photos/953284/medium.jpg","(c) Donald Hobern, some rights reserved (CC BY)"
"49","Small Emerald","Hemistola chrysoprasaria",TRUE,FALSE,"M",TRUE,FALSE,"Traveller<U+393C><U+3E32>s-joy",FALSE,"https://inaturalist-open-data.s3.amazonaws.com/photos/94287155/medium.jpg","(c) albertorota, some rights reserved (CC BY-NC), uploaded by albertorota"
"50","Little Emerald","Jodis lactearia",TRUE,FALSE,"P",FALSE,FALSE,"",FALSE,"https://static.inaturalist.org/photos/55964097/medium.jpg","(c) Paolo Mazzei, some rights reserved (CC BY-NC), uploaded by Paolo Mazzei"
"51","Blood-vein","Timandra comae",TRUE,FALSE,"P",TRUE,TRUE,"",FALSE,"https://static.inaturalist.org/photos/9791357/medium.jpeg","(c) missnarjess, all rights reserved, uploaded by missnarjess"
"52","Birch Mocha","Cyclophora albipunctata",TRUE,FALSE,"O",TRUE,FALSE,"",FALSE,"https://inaturalist-open-data.s3.amazonaws.com/photos/5853125/medium.jpg","(c) Janet Graham, some rights reserved (CC BY)"
"53","Maiden's Blush","Cyclophora punctaria",TRUE,FALSE,"O",FALSE,FALSE,"Pedunculate Oak",FALSE,"https://inaturalist-open-data.s3.amazonaws.com/photos/130344113/medium.jpg","(c) Michał Brzeziński, some rights reserved (CC BY-NC), uploaded by Michał Brzeziński"
"54","Clay Triple-lines","Cyclophora linearia",TRUE,FALSE,"P",FALSE,FALSE,"",FALSE,"https://static.inaturalist.org/photos/68515244/medium.jpg","(c) Stefan Kunz, all rights reserved, uploaded by Stefan Kunz"
"55","Smoky Wave","Scopula ternata",TRUE,FALSE,"O",FALSE,FALSE,"",FALSE,"https://inaturalist-open-data.s3.amazonaws.com/photos/82298951/medium.jpg","(c) jaskara, some rights reserved (CC BY-NC)"
"56","Mullein Wave","Scopula marginepunctata",TRUE,FALSE,"P",TRUE,FALSE,"",FALSE,"https://static.inaturalist.org/photos/32325725/medium.jpg","(c) Paolo Mazzei, some rights reserved (CC BY-NC), uploaded by Paolo Mazzei"
"57","Small Blood-vein","Scopula imitaria",TRUE,FALSE,"P",TRUE,FALSE,"",FALSE,"https://static.inaturalist.org/photos/28909558/medium.jpg","(c) Paolo Mazzei, some rights reserved (CC BY-NC), uploaded by Paolo Mazzei"
"58","Lesser Cream Wave","Scopula immutata",TRUE,FALSE,"P",FALSE,FALSE,"",FALSE,"https://static.inaturalist.org/photos/31600012/medium.jpeg","(c) wojtest, all rights reserved, uploaded by wojtest"
"59","Cream Wave","Scopula floslactata",TRUE,FALSE,"P",TRUE,FALSE,"",FALSE,"https://static.inaturalist.org/photos/9003727/medium.jpg","(c) Nigel Voaden, all rights reserved"
"60","Least Carpet","Idaea rusticata astrosignaria",NA,FALSE,NA,FALSE,NA,"",NA,"https://static.inaturalist.org/photos/28906483/medium.jpg","(c) Paolo Mazzei, some rights reserved (CC BY-NC), uploaded by Paolo Mazzei"
"61","Dwarf Cream Wave","Idaea fuscovenosa",TRUE,FALSE,NA,FALSE,FALSE,"",FALSE,"https://static.inaturalist.org/photos/105024936/medium.jpeg","(c) Sergey D, all rights reserved, uploaded by Sergey D"
"62","Single-dotted Wave","Idaea dimidiata",TRUE,FALSE,"P",FALSE,TRUE,"",FALSE,"https://inaturalist-open-data.s3.amazonaws.com/photos/20521215/medium.jpg","(c) Jim Johnson, some rights reserved (CC BY-NC-ND), uploaded by Jim Johnson"
"63","Small Dusty Wave","Idaea seriata",TRUE,FALSE,"P",FALSE,FALSE,"",FALSE,"https://inaturalist-open-data.s3.amazonaws.com/photos/418472/medium.jpg","(с) Donald Hobern, некоторые права защищены (CC BY)"
"64","Satin Wave","Idaea subsericeata",TRUE,FALSE,NA,TRUE,FALSE,"",FALSE,"https://inaturalist-open-data.s3.amazonaws.com/photos/5063910/medium.jpg","(c) Ben Sale, some rights reserved (CC BY)"
"65","Plain Wave","Idaea straminata",TRUE,FALSE,"P",FALSE,FALSE,"",FALSE,"https://inaturalist-open-data.s3.amazonaws.com/photos/18496149/medium.jpg","(c) Martin Grimm, some rights reserved (CC BY-NC), uploaded by Martin Grimm"
"66","Riband Wave","Idaea aversata",TRUE,FALSE,"P",FALSE,TRUE,"",FALSE,"https://inaturalist-open-data.s3.amazonaws.com/photos/2131647/medium.jpg","(c) Quartl, some rights reserved (CC BY-SA)"
"67","Treble Brown Spot","Idaea trigeminata",TRUE,FALSE,"M",FALSE,FALSE,"Common Ivy",FALSE,"https://inaturalist-open-data.s3.amazonaws.com/photos/45649862/medium.jpg","(c) ALLEMAND Guillaume, some rights reserved (CC BY-NC), uploaded by ALLEMAND Guillaume"
"68","Small Fanfooted Wave","Idaea biselata",TRUE,FALSE,NA,FALSE,TRUE,"",FALSE,"https://inaturalist-open-data.s3.amazonaws.com/photos/4393123/medium.jpg","(c) Donald Hobern, some rights reserved (CC BY)"
"69","Small Scallop","Idaea emarginata",TRUE,FALSE,"P",FALSE,FALSE,"",FALSE,"https://inaturalist-open-data.s3.amazonaws.com/photos/1699560/medium.jpg","(c) David Short, some rights reserved (CC BY)"
"70","The Vestal","Rhodometra sacraria",NA,FALSE,"M",FALSE,FALSE,"Knotgrass",FALSE,"https://inaturalist-open-data.s3.amazonaws.com/photos/2580861/medium.jpeg","(c) Hectonichus, some rights reserved (CC BY-SA)"
"71","Large Twin-spot Carpet","Xanthorhoe quadrifasciata",NA,FALSE,NA,TRUE,NA,"",NA,"https://inaturalist-open-data.s3.amazonaws.com/photos/28997188/medium.jpg","(c) Andrey Ponomarev, some rights reserved (CC BY-NC), uploaded by Andrey Ponomarev"
"72","Red Carpet","Xanthorhoe decoloraria",TRUE,FALSE,"O",TRUE,FALSE,"lady's-mantles",FALSE,"https://inaturalist-open-data.s3.amazonaws.com/photos/3566899/medium.jpg","(c) Jim Johnson, some rights reserved (CC BY-NC-ND), uploaded by Jim Johnson"
"73","Dark-barred Twin-spot Carpet","Xanthorhoe ferrugata",TRUE,FALSE,"P",TRUE,TRUE,"",FALSE,"https://inaturalist-open-data.s3.amazonaws.com/photos/357839/medium.jpg","(c) Seabrooke Leckie, some rights reserved (CC BY-NC-ND)"
"74","Red Twin-spot Carpet","Xanthorhoe spadicearia",TRUE,FALSE,"P",TRUE,TRUE,"",FALSE,"https://inaturalist-open-data.s3.amazonaws.com/photos/28997363/medium.jpg","(c) Andrey Ponomarev, some rights reserved (CC BY-NC), uploaded by Andrey Ponomarev"
"75","Flame Carpet","Xanthorhoe designata",TRUE,FALSE,"M",FALSE,TRUE,"Mugwort",FALSE,"https://inaturalist-open-data.s3.amazonaws.com/photos/4858186/medium.jpg","(c) 112364092829193245120, some rights reserved (CC BY-NC)"
"76","Silver-ground Carpet","Xanthorhoe montanata",TRUE,FALSE,"P",TRUE,TRUE,"",FALSE,"https://inaturalist-open-data.s3.amazonaws.com/photos/42390041/medium.jpeg","(c) gill_ryenats, some rights reserved (CC BY-NC), uploaded by gill_ryenats"
"77","Garden Carpet","Xanthorhoe fluctuata",TRUE,FALSE,"O",TRUE,TRUE,"",FALSE,"https://inaturalist-open-data.s3.amazonaws.com/photos/73880695/medium.jpeg","(c) A Emmerson, some rights reserved (CC BY-NC), uploaded by A Emmerson"
"78","Green Carpet","Colostygia pectinataria",TRUE,FALSE,"P",FALSE,TRUE,"",FALSE,"https://inaturalist-open-data.s3.amazonaws.com/photos/927478/medium.jpg","(c) gailhampshire, some rights reserved (CC BY)"
"79","Striped Twin-spot Carpet","Coenotephria salicata",TRUE,FALSE,"O",TRUE,FALSE,"",FALSE,"https://inaturalist-open-data.s3.amazonaws.com/photos/55913390/medium.jpg","(c) ALLEMAND Guillaume, some rights reserved (CC BY-NC), uploaded by ALLEMAND Guillaume"
"80","Mottled Grey","Colostygia multistrigaria",TRUE,FALSE,"O",TRUE,FALSE,"",FALSE,"https://inaturalist-open-data.s3.amazonaws.com/photos/172614988/medium.jpg","(c) Susanne Vogel, some rights reserved (CC BY-NC), uploaded by Susanne Vogel"
"81","Twin-spot Carpet","Perizoma didymata",NA,FALSE,NA,TRUE,NA,"",NA,"https://inaturalist-open-data.s3.amazonaws.com/photos/55915309/medium.jpg","(с) ALLEMAND Guillaume, некоторые права защищены (CC BY-NC), uploaded by ALLEMAND Guillaume"
"82","Shoulder Stripe","Anticlea badiata",NA,FALSE,NA,TRUE,NA,"",NA,"https://inaturalist-open-data.s3.amazonaws.com/photos/723726/medium.jpg","(c) nutmeg66, some rights reserved (CC BY-NC-ND)"
"83","The Streamer","Anticlea derivata",TRUE,FALSE,"P",TRUE,TRUE,"",FALSE,"https://inaturalist-open-data.s3.amazonaws.com/photos/1704936/medium.jpg","(c) Tony Morris, some rights reserved (CC BY-NC)"
"84","Beautiful Carpet","Mesoleuca albicillata",TRUE,FALSE,"P",FALSE,FALSE,"",FALSE,"https://static.inaturalist.org/photos/19783420/medium.jpg","(c) pwijnsouw, all rights reserved, uploaded by pwijnsouw"
"85","Grey Mountain Carpet","Entephria caesiata",TRUE,FALSE,"O",FALSE,FALSE,"",FALSE,"https://inaturalist-open-data.s3.amazonaws.com/photos/6369113/medium.jpg","(c) Janet Graham, some rights reserved (CC BY)"
"86","The Rivulet","Perizoma affinitata",TRUE,TRUE,"M",TRUE,TRUE,"Red Campion",FALSE,"https://static.inaturalist.org/photos/9125166/medium.jpg","(c) Nigel Voaden, all rights reserved"
"87","Small Rivulet","Perizoma alchemillata",TRUE,FALSE,"M",FALSE,TRUE,"Common Hemp-nettle",FALSE,"https://inaturalist-open-data.s3.amazonaws.com/photos/144077298/medium.jpeg","(c) Rowan McCulloch, some rights reserved (CC BY-NC), uploaded by Rowan McCulloch"
"88","Sandy Carpet","Perizoma flavofasciata",TRUE,FALSE,"O",FALSE,TRUE,"",FALSE,"https://inaturalist-open-data.s3.amazonaws.com/photos/1699598/medium.jpg","(c) Wildlife in a Dorset garden. Thanks for 150,000 views, some rights reserved (CC BY-NC-SA)"
"89","Grass Rivulet","Perizoma albulata",TRUE,TRUE,"M",TRUE,FALSE,"Yellow-rattle",FALSE,"https://inaturalist-open-data.s3.amazonaws.com/photos/4765814/medium.jpg","(c) Janet Graham, some rights reserved (CC BY)"
"90","Barred Rivulet","Perizoma bifaciata",TRUE,FALSE,"O",TRUE,FALSE,"",FALSE,"https://static.inaturalist.org/photos/95064360/medium.jpeg","(c) Raniero Panfili, all rights reserved, uploaded by Raniero Panfili"
"91","Sharp-angled Carpet","Euphyia unangulata",TRUE,FALSE,NA,FALSE,FALSE,"",FALSE,"https://inaturalist-open-data.s3.amazonaws.com/photos/4355336/medium.jpg","(c) Jim Johnson, some rights reserved (CC BY-NC-ND), uploaded by Jim Johnson"
"92","Cloaked Carpet","Euphyia biangulata",TRUE,FALSE,"P",FALSE,FALSE,"",FALSE,"https://inaturalist-open-data.s3.amazonaws.com/photos/10044645/medium.jpeg","(c) Fernando de Juana, some rights reserved (CC BY-NC), uploaded by Fernando de Juana"
"93","Yellow Shell","Camptogramma bilineata",TRUE,FALSE,"P",FALSE,TRUE,"",FALSE,"https://inaturalist-open-data.s3.amazonaws.com/photos/16662/medium.jpg","(c) Walwyn, some rights reserved (CC BY-NC-SA)"
"94","Pretty Chalk Carpet","Melanthia procellata",TRUE,FALSE,"M",TRUE,FALSE,"Traveller<U+393C><U+3E32>s-joy",FALSE,"https://inaturalist-open-data.s3.amazonaws.com/photos/2340958/medium.jpg","(c) Donald Hobern, some rights reserved (CC BY)"
"95","Purple Bar","Cosmorhoe ocellata",TRUE,FALSE,"O",TRUE,TRUE,"",FALSE,"https://static.inaturalist.org/photos/64315642/medium.jpg","(c) Paolo Mazzei, some rights reserved (CC BY-NC), uploaded by Paolo Mazzei"
"96","Water Carpet","Lampropteryx suffumata",TRUE,FALSE,"O",FALSE,TRUE,"",FALSE,"https://static.inaturalist.org/photos/7452017/medium.jpg","(c) Nigel Voaden, all rights reserved"
"97","Devon Carpet","Lampropteryx otregiata",TRUE,FALSE,"M",FALSE,FALSE,"Common Marsh-bedstraw",FALSE,"https://inaturalist-open-data.s3.amazonaws.com/photos/4939381/medium.jpg","(c) Janet Graham, some rights reserved (CC BY)"
"98","Broken-barred Carpet","Electrophaes corylata",TRUE,FALSE,"P",TRUE,TRUE,"",FALSE,"https://inaturalist-open-data.s3.amazonaws.com/photos/43299422/medium.jpeg","(c) nicky-by-nature, some rights reserved (CC BY-NC)"
"99","Small Phoenix","Ecliptopera silaceata",TRUE,FALSE,"O",TRUE,TRUE,"",FALSE,"https://inaturalist-open-data.s3.amazonaws.com/photos/9987744/medium.jpg","(c) Jim Johnson, some rights reserved (CC BY-NC-ND), uploaded by Jim Johnson"
"100","The Phoenix","Eulithis prunata",TRUE,FALSE,"O",TRUE,TRUE,"",FALSE,"https://inaturalist-open-data.s3.amazonaws.com/photos/949531/medium.jpg","(c) Donald Hobern, some rights reserved (CC BY)"
"101","The Chevron","Eulithis testata",TRUE,FALSE,"P",TRUE,TRUE,"",FALSE,"https://inaturalist-open-data.s3.amazonaws.com/photos/2642604/medium.jpg","(c) Erika Mitchell, some rights reserved (CC BY-NC), uploaded by Erika Mitchell"
"102","Northern Spinach","Eulithis populata",TRUE,FALSE,"P",TRUE,FALSE,"",FALSE,"https://inaturalist-open-data.s3.amazonaws.com/photos/2573613/medium.JPG","(c) Annika Lindqvist, some rights reserved (CC BY), uploaded by Annika Lindqvist"
"103","The Spinach","Eulithis mellinata",TRUE,FALSE,"O",TRUE,FALSE,"",FALSE,"https://inaturalist-open-data.s3.amazonaws.com/photos/1692396/medium.jpg","(c) Frans, some rights reserved (CC BY-NC-ND)"
"104","Barred Straw","Eulithis pyraliata",NA,FALSE,NA,TRUE,NA,"",NA,"https://static.inaturalist.org/photos/46359740/medium.jpg","(c) Paolo Mazzei, some rights reserved (CC BY-NC), uploaded by Paolo Mazzei"
"105","Barred Yellow","Cidaria fulvata",TRUE,FALSE,"O",TRUE,TRUE,"",FALSE,"https://inaturalist-open-data.s3.amazonaws.com/photos/931606/medium.jpg","(c) Donald Hobern, some rights reserved (CC BY)"
"106","Blue-bordered Carpet","Plemyria rubiginata",TRUE,FALSE,"P",FALSE,FALSE,"",FALSE,"https://inaturalist-open-data.s3.amazonaws.com/photos/2138589/medium.JPG","(c) James Bailey, some rights reserved (CC BY-NC), uploaded by James Bailey"
"107","Red-green Carpet","Chloroclysta siterata",TRUE,FALSE,"P",FALSE,TRUE,"",FALSE,"https://static.inaturalist.org/photos/28579687/medium.jpg","(c) Paolo Mazzei, some rights reserved (CC BY-NC), uploaded by Paolo Mazzei"
"108","Autumn Green Carpet","Chloroclysta miata",TRUE,FALSE,"P",TRUE,FALSE,"",FALSE,"https://inaturalist-open-data.s3.amazonaws.com/photos/97783039/medium.jpeg","(c) jkt, some rights reserved (CC BY-NC), uploaded by jkt"
"109","Common Marbled Carpet","Chloroclysta truncata",NA,FALSE,NA,FALSE,NA,"",NA,"https://inaturalist-open-data.s3.amazonaws.com/photos/340924/medium.jpg","(c) Dick, some rights reserved (CC BY-NC-SA)"
"110","Dark Marbled Carpet","Chloroclysta citrata",NA,FALSE,NA,FALSE,NA,"",NA,"https://inaturalist-open-data.s3.amazonaws.com/photos/2368460/medium.jpg","(c) joannerusso, some rights reserved (CC BY-NC), uploaded by joannerusso"
"111","Grey Pine Carpet","Thera obeliscata",TRUE,FALSE,"P",TRUE,TRUE,"",FALSE,"https://inaturalist-open-data.s3.amazonaws.com/photos/28996243/medium.jpg","(c) Andrey Ponomarev, some rights reserved (CC BY-NC), uploaded by Andrey Ponomarev"
"112","Spruce Carpet","Thera britannica",TRUE,FALSE,"P",FALSE,TRUE,"",FALSE,"https://inaturalist-open-data.s3.amazonaws.com/photos/2648625/medium.jpg","(c) Janet Graham, some rights reserved (CC BY)"
"113","Pine Carpet","Thera firmata",NA,FALSE,NA,FALSE,NA,"",NA,"https://inaturalist-open-data.s3.amazonaws.com/photos/94531052/medium.jpg","(c) Michał Brzeziński, some rights reserved (CC BY-NC), uploaded by Michał Brzeziński"
"114","Juniper Carpet","Thera juniperata",TRUE,FALSE,"O",FALSE,FALSE,"junipers",FALSE,"https://inaturalist-open-data.s3.amazonaws.com/photos/685627/medium.jpg","(c) Anita Gould, some rights reserved (CC BY-NC), uploaded by Anita"
"115","July Highflyer","Hydriomena furcata",TRUE,FALSE,"P",TRUE,TRUE,"",FALSE,"",""
"116","May Highflyer","Hydriomena impluviata",TRUE,FALSE,"M",FALSE,TRUE,"Alder",FALSE,"https://inaturalist-open-data.s3.amazonaws.com/photos/72943876/medium.jpeg","(c) Александр Корепанов, some rights reserved (CC BY-NC), uploaded by Александр Корепанов"
"117","Brown Scallop","Philereme vetulata",TRUE,FALSE,"M",TRUE,FALSE,"Buckthorn",FALSE,"https://static.inaturalist.org/photos/56606477/medium.jpg","(c) Raniero Panfili, all rights reserved, uploaded by Raniero Panfili"
"118","Dark Umber","Philereme transversata britannica",NA,FALSE,NA,TRUE,NA,"",NA,"https://static.inaturalist.org/photos/21790958/medium.jpg","(c) sj_naturalist, all rights reserved"
"119","The Tissue","Triphosa dubitata",TRUE,FALSE,"O",TRUE,FALSE,"",FALSE,"https://inaturalist-open-data.s3.amazonaws.com/photos/50265079/medium.jpg","(c) sariai, some rights reserved (CC BY-NC), uploaded by sariai"
"120","Scallop Shell","Rheumaptera undulata",NA,FALSE,NA,FALSE,NA,"",NA,"https://inaturalist-open-data.s3.amazonaws.com/photos/82965318/medium.jpg","(c) Brenda Bull, some rights reserved (CC BY-NC), uploaded by Brenda Bull"
"121","Wood Carpet","Epirrhoe rivata",TRUE,FALSE,"O",FALSE,FALSE,"",FALSE,"https://inaturalist-open-data.s3.amazonaws.com/photos/55915150/medium.jpg","(c) ALLEMAND Guillaume, some rights reserved (CC BY-NC), uploaded by ALLEMAND Guillaume"
"122","Common Carpet","Epirrhoe alternata",TRUE,FALSE,"P",FALSE,TRUE,"",FALSE,"https://inaturalist-open-data.s3.amazonaws.com/photos/134822944/medium.jpg","(c) Michał Brzeziński, some rights reserved (CC BY-NC), uploaded by Michał Brzeziński"
"123","Galium Carpet","Epirrhoe galiata",TRUE,FALSE,"O",TRUE,FALSE,"",FALSE,"https://static.inaturalist.org/photos/28810533/medium.jpg","(c) Paolo Mazzei, some rights reserved (CC BY-NC), uploaded by Paolo Mazzei"
"124","The Streak","Chesias legatella",TRUE,FALSE,"P",TRUE,FALSE,"",FALSE,"https://inaturalist-open-data.s3.amazonaws.com/photos/2625890/medium.jpeg","(c) anonymous, some rights reserved (CC BY-NC)"
"125","Broom-tip","Chesias rufata",TRUE,FALSE,"M",TRUE,FALSE,"Broom",FALSE,"https://static.inaturalist.org/photos/1996331/medium.jpg","(c) Valter Jacinto, all rights reserved"
"126","Treble-bar","Aplocera plagiata",TRUE,FALSE,"O",TRUE,FALSE,"St John<U+393C><U+3E32>s-worts",FALSE,"https://inaturalist-open-data.s3.amazonaws.com/photos/7301470/medium.jpg","(c) Tony Morris, some rights reserved (CC BY-NC)"
"127","Lesser Treble-bar","Aplocera efformata",TRUE,FALSE,"O",TRUE,FALSE,"St John<U+393C><U+3E32>s-worts",FALSE,"https://static.inaturalist.org/photos/21390235/medium.jpg","(c) Henk Wallays, all rights reserved"
"128","Small Waved Umber","Horisme vitalbata",TRUE,FALSE,"M",FALSE,FALSE,"Traveller<U+393C><U+3E32>s-joy",FALSE,"https://static.inaturalist.org/photos/33941138/medium.jpg","(c) Paolo Mazzei, some rights reserved (CC BY-NC), uploaded by Paolo Mazzei"
"129","The Fern","Horisme tersata",TRUE,FALSE,"M",TRUE,FALSE,"Traveller<U+393C><U+3E32>s-joy",FALSE,"https://inaturalist-open-data.s3.amazonaws.com/photos/12889018/medium.jpg","(с) Philip Mark Osso, некоторые права защищены (CC BY-NC), uploaded by Philip Mark Osso"
"130","Small Seraphim","Pterapherapteryx sexalata",TRUE,FALSE,"O",TRUE,FALSE,"",FALSE,"https://inaturalist-open-data.s3.amazonaws.com/photos/347101/medium.jpg","(с) Donald Hobern, некоторые права защищены (CC BY)"
"131","Yellow-barred Brindle","Acasis viretata",TRUE,FALSE,"P",FALSE,TRUE,"",FALSE,"https://inaturalist-open-data.s3.amazonaws.com/photos/193544390/medium.jpg","(c) Michał Brzeziński, some rights reserved (CC BY-NC), uploaded by Michał Brzeziński"
"132","Early Tooth-striped","Trichopteryx carpinata",TRUE,FALSE,"P",FALSE,TRUE,"",FALSE,"https://static.inaturalist.org/photos/188456253/medium.jpeg","(c) Sara Steeles-Yates, all rights reserved, uploaded by Sara Steeles-Yates"
"133","Oblique Carpet","Orthonama vittata",TRUE,FALSE,"O",TRUE,FALSE,"",FALSE,"https://static.inaturalist.org/photos/6116949/medium.jpg","(c) Nigel Voaden, all rights reserved"
"134","Lead Belle","Scotopteryx mucronata",TRUE,FALSE,"O",TRUE,FALSE,"",FALSE,"https://static.inaturalist.org/photos/28839833/medium.jpg","(c) Paolo Mazzei, some rights reserved (CC BY-NC), uploaded by Paolo Mazzei"
"135","July Belle","Scotopteryx luridata plumbaria",NA,FALSE,NA,TRUE,NA,"",NA,"https://static.inaturalist.org/photos/80935393/medium.jpg","(с) Vlad Proklov, некоторые права защищены (CC BY-NC)"
"136","Shaded Broad-bar","Scotopteryx chenopodiata",TRUE,FALSE,"O",TRUE,TRUE,"",FALSE,"https://inaturalist-open-data.s3.amazonaws.com/photos/60971574/medium.jpg","(c) Vojtek Pavel, some rights reserved (CC BY-NC), uploaded by Vojtek Pavel"
"137","The Mallow","Larentia clavaria",TRUE,FALSE,"O",TRUE,FALSE,"",FALSE,"https://static.inaturalist.org/photos/28768097/medium.jpg","(c) Paolo Mazzei, some rights reserved (CC BY-NC), uploaded by Paolo Mazzei"
"138","Dark Spinach","Pelurga comitata",TRUE,FALSE,"O",TRUE,FALSE,"",FALSE,"https://inaturalist-open-data.s3.amazonaws.com/photos/984412/medium.jpg","(c) Donald Hobern, some rights reserved (CC BY)"
"139","Autumnal Moth","Epirrita autumnata",TRUE,FALSE,"P",FALSE,FALSE,"",FALSE,"https://inaturalist-open-data.s3.amazonaws.com/photos/2471260/medium.jpg","(c) Dick, some rights reserved (CC BY-NC-SA)"
"140","Small Autumnal Moth","Epirrita filigrammaria",TRUE,FALSE,"P",TRUE,FALSE,"",FALSE,"https://inaturalist-open-data.s3.amazonaws.com/photos/25373532/medium.jpg","(c) Marina Nikonorova, some rights reserved (CC BY-NC), uploaded by Marina Nikonorova"
"141","November Moth","Epirrita dilutata",TRUE,FALSE,"P",TRUE,FALSE,"",FALSE,"https://inaturalist-open-data.s3.amazonaws.com/photos/679640/medium.JPG","(c) 103917170835602529469, some rights reserved (CC BY-NC), uploaded by Fernando Romão"
"142","Pale November Moth","Epirrita christyi",TRUE,FALSE,"P",FALSE,FALSE,"",FALSE,"https://inaturalist-open-data.s3.amazonaws.com/photos/26507654/medium.jpg","(c) motheaten, some rights reserved (CC BY-NC), uploaded by motheaten"
"143","Winter Moth","Operophtera brumata",TRUE,FALSE,"P",TRUE,TRUE,"",FALSE,"https://inaturalist-open-data.s3.amazonaws.com/photos/14977/medium.jpg","(с) Jenn Forman Orth, некоторые права защищены (CC BY-NC-SA)"
"144","Northern Winter Moth","Operophtera fagata",TRUE,FALSE,"O",TRUE,FALSE,"",FALSE,"https://inaturalist-open-data.s3.amazonaws.com/photos/5796125/medium.jpg","(c) Janet Graham, some rights reserved (CC BY)"
"145","Small White Wave","Asthena albulata",TRUE,FALSE,"P",FALSE,FALSE,"",FALSE,"https://inaturalist-open-data.s3.amazonaws.com/photos/7015634/medium.jpg","(c) katunchik, some rights reserved (CC BY), uploaded by katunchik"
"146","Small Yellow Wave","Hydrelia flammeolaria",TRUE,FALSE,"P",TRUE,FALSE,"",FALSE,"https://inaturalist-open-data.s3.amazonaws.com/photos/28928435/medium.jpg","(c) Andrey Ponomarev, some rights reserved (CC BY-NC), uploaded by Andrey Ponomarev"
"147","Dingy Shell","Euchoeca nebulata",TRUE,FALSE,"M",FALSE,FALSE,"Alder",FALSE,"https://inaturalist-open-data.s3.amazonaws.com/photos/2263067/medium.jpg","(с) Wildlife in a Dorset garden., некоторые права защищены (CC BY-NC-SA)"
"148","Welsh Wave","Venusia cambrica",TRUE,FALSE,"P",TRUE,FALSE,"",FALSE,"https://inaturalist-open-data.s3.amazonaws.com/photos/173253392/medium.jpeg","(c) Louis Imbeau, some rights reserved (CC BY), uploaded by Louis Imbeau"
"149","Plain Pug","Eupithecia simpliciata",TRUE,FALSE,"O",FALSE,FALSE,"",FALSE,"https://inaturalist-open-data.s3.amazonaws.com/photos/2223497/medium.jpg","(c) Donald Hobern, some rights reserved (CC BY)"
"150","Slender Pug","Eupithecia tenuiata",TRUE,FALSE,"O",TRUE,FALSE,"",FALSE,"",""
"151","Maple Pug","Eupithecia inturbata",TRUE,FALSE,"M",TRUE,FALSE,"Field Maple",FALSE,"https://inaturalist-open-data.s3.amazonaws.com/photos/10063515/medium.jpeg","(с) Annika Lindqvist, некоторые права защищены (CC BY), uploaded by Annika Lindqvist"
"152","Haworth's Pug","Eupithecia haworthiata",TRUE,FALSE,"M",TRUE,FALSE,"Traveller<U+393C><U+3E32>s-joy",FALSE,"",""
"153","Toadflax Pug","Eupithecia linariata",TRUE,FALSE,"M",TRUE,FALSE,"Common Toadflax",FALSE,"",""
"154","Foxglove Pug","Eupithecia pulchellata",TRUE,FALSE,"M",TRUE,TRUE,"Foxglove",FALSE,"https://inaturalist-open-data.s3.amazonaws.com/photos/35353364/medium.jpeg","(c) richardjaybee, some rights reserved (CC BY-NC), uploaded by richardjaybee"
"155","Mottled Pug","Eupithecia exiguata",TRUE,FALSE,"P",TRUE,TRUE,"",FALSE,"",""
"156","Lime-speck Pug","Eupithecia centaureata",TRUE,FALSE,"P",TRUE,TRUE,"",FALSE,"https://inaturalist-open-data.s3.amazonaws.com/photos/177445319/medium.jpg","(с) Chuck Sexton, некоторые права защищены (CC BY-NC), uploaded by Chuck Sexton"
"157","Edinburgh Pug / Freyer's Pug","Eupithecia intricata",TRUE,FALSE,"P",FALSE,FALSE,"",FALSE,"https://static.inaturalist.org/photos/11301862/medium.jpg","(c) Pete Mella, all rights reserved, uploaded by petemella"
"158","Satyr Pug","Eupithecia satyrata",TRUE,TRUE,"P",TRUE,FALSE,"",FALSE,"https://inaturalist-open-data.s3.amazonaws.com/photos/138362599/medium.jpg","(c) Jim Johnson, some rights reserved (CC BY-NC-ND), uploaded by Jim Johnson"
"159","White-spotted Pug","Eupithecia tripunctaria",TRUE,FALSE,"P",TRUE,TRUE,"",FALSE,"",""
"160","Wormwood Pug","Eupithecia absinthiata",TRUE,FALSE,"P",TRUE,TRUE,"",FALSE,"https://static.inaturalist.org/photos/15684859/medium.jpg","(c) Henk Wallays, all rights reserved"
"161","Currant Pug","Eupithecia assimilata",TRUE,FALSE,"P",TRUE,TRUE,"",FALSE,"",""
"162","Common Pug","Eupithecia vulgata",TRUE,FALSE,"P",TRUE,TRUE,"",FALSE,"https://inaturalist-open-data.s3.amazonaws.com/photos/12030417/medium.jpg","(c) janet graham, some rights reserved (CC BY)"
"163","Grey Pug","Eupithecia subfuscata",TRUE,FALSE,"P",TRUE,TRUE,"",FALSE,"",""
"164","Tawny-speckled Pug","Eupithecia icterata",TRUE,FALSE,"M",TRUE,TRUE,"Yarrow",FALSE,"https://inaturalist-open-data.s3.amazonaws.com/photos/458215/medium.jpg","(c) Donald Hobern, some rights reserved (CC BY)"
"165","Bordered Pug","Eupithecia succenturiata",TRUE,FALSE,"O",TRUE,FALSE,"",FALSE,"https://inaturalist-open-data.s3.amazonaws.com/photos/426138/medium.jpg","(c) Donald Hobern, some rights reserved (CC BY)"
"166","Ochreous Pug","Eupithecia indigata",TRUE,FALSE,"O",FALSE,FALSE,"",FALSE,"https://static.inaturalist.org/photos/8719638/medium.jpg","(c) Nigel Voaden, all rights reserved"
"167","Narrow-winged Pug","Eupithecia nanata angusta",NA,FALSE,NA,TRUE,NA,"",NA,"https://inaturalist-open-data.s3.amazonaws.com/photos/133352053/medium.jpeg","(с) Paul Bowyer, некоторые права защищены (CC BY-NC), uploaded by Paul Bowyer"
"168","Angle-barred Pug / Ash Pug / Tamarisk Pug","Eupithecia innotata agg.",NA,FALSE,NA,TRUE,NA,"",NA,"https://inaturalist-open-data.s3.amazonaws.com/photos/28925904/medium.jpg","(c) Andrey Ponomarev, some rights reserved (CC BY-NC), uploaded by Andrey Ponomarev"
"169","Golden-rod Pug","Eupithecia virgaureata",TRUE,FALSE,"P",FALSE,FALSE,"",FALSE,"",""
"170","Brindled Pug","Eupithecia abbreviata",TRUE,FALSE,"P",TRUE,TRUE,"",FALSE,"https://inaturalist-open-data.s3.amazonaws.com/photos/193522905/medium.jpeg","(c) Pete Bradshaw, some rights reserved (CC BY-NC), uploaded by Pete Bradshaw"
"171","Oak-tree Pug","Eupithecia dodoneata",TRUE,FALSE,"P",TRUE,FALSE,"",FALSE,"https://static.inaturalist.org/photos/32171646/medium.jpg","(c) Paolo Mazzei, some rights reserved (CC BY-NC), uploaded by Paolo Mazzei"
"172","Juniper Pug","Eupithecia pusillata",TRUE,TRUE,"O",TRUE,FALSE,"",FALSE,"https://inaturalist-open-data.s3.amazonaws.com/photos/10067999/medium.jpeg","(c) Annika Lindqvist, some rights reserved (CC BY), uploaded by Annika Lindqvist"
"173","Larch Pug","Eupithecia lariciata",TRUE,FALSE,"M",TRUE,FALSE,"European Larch",FALSE,"",""
"174","Dwarf Pug","Eupithecia tantillaria",TRUE,FALSE,"O",TRUE,FALSE,"",FALSE,"https://inaturalist-open-data.s3.amazonaws.com/photos/3259572/medium.jpg","(c) Donald Hobern, some rights reserved (CC BY)"
"175","V-Pug","Chloroclystis v-ata",TRUE,FALSE,"P",FALSE,TRUE,"",FALSE,"https://inaturalist-open-data.s3.amazonaws.com/photos/2223095/medium.jpg","(c) Donald Hobern, some rights reserved (CC BY)"
"176","Green Pug","Pasiphila rectangulata",TRUE,FALSE,"P",FALSE,TRUE,"",FALSE,"https://inaturalist-open-data.s3.amazonaws.com/photos/8571389/medium.jpg","(c) crgillette, some rights reserved (CC BY-NC), uploaded by crgillette"
"177","Double-striped Pug","Gymnoscelis rufifasciata",TRUE,TRUE,"P",FALSE,TRUE,"",FALSE,"https://static.inaturalist.org/photos/28715848/medium.jpg","(с) Paolo Mazzei, некоторые права защищены (CC BY-NC), uploaded by Paolo Mazzei"
"178","The Magpie","Abraxas grossulariata",TRUE,FALSE,"P",FALSE,TRUE,"",FALSE,"https://static.inaturalist.org/photos/16227191/medium.jpg","(c) num13er_13, all rights reserved"
"179","Clouded Border","Lomaspilis marginata",TRUE,FALSE,"O",TRUE,TRUE,"",FALSE,"https://inaturalist-open-data.s3.amazonaws.com/photos/28956373/medium.jpg","(c) Andrey Ponomarev, some rights reserved (CC BY-NC), uploaded by Andrey Ponomarev"
"180","Scorched Carpet","Ligdia adustata",TRUE,FALSE,"M",FALSE,FALSE,"Spindle",FALSE,"https://inaturalist-open-data.s3.amazonaws.com/photos/951154/medium.jpg","(c) Donald Hobern, some rights reserved (CC BY)"
"181","White-pinion Spotted","Lomographa bimaculata",TRUE,FALSE,"O",TRUE,FALSE,"",FALSE,"https://inaturalist-open-data.s3.amazonaws.com/photos/79782097/medium.jpg","(c) bsmouse, some rights reserved (CC BY), uploaded by bsmouse"
"182","Clouded Silver","Lomographa temerata",TRUE,FALSE,"O",TRUE,TRUE,"",FALSE,"https://inaturalist-open-data.s3.amazonaws.com/photos/1895688/medium.jpg","(c) gailhampshire, some rights reserved (CC BY)"
"183","Common White Wave","Cabera pusaria",TRUE,FALSE,"P",FALSE,TRUE,"",FALSE,"https://inaturalist-open-data.s3.amazonaws.com/photos/2028941/medium.JPG","(c) Jakob Fahr, some rights reserved (CC BY-NC), uploaded by Jakob Fahr"
"184","Common Wave","Cabera exanthemata",TRUE,FALSE,"P",FALSE,TRUE,"",FALSE,"https://inaturalist-open-data.s3.amazonaws.com/photos/236369/medium.jpg","(c) gailhampshire, some rights reserved (CC BY-NC-SA)"
"185","Barred Red","Hylaea fasciaria",TRUE,FALSE,"O",TRUE,TRUE,"",FALSE,"https://inaturalist-open-data.s3.amazonaws.com/photos/60966743/medium.jpeg","(c) Александр Корепанов, some rights reserved (CC BY-NC), uploaded by Александр Корепанов"
"186","Light Emerald","Campaea margaritata",NA,FALSE,NA,FALSE,NA,"",NA,"https://inaturalist-open-data.s3.amazonaws.com/photos/91665776/medium.jpeg","(c) Mirko Tomasi, some rights reserved (CC BY-NC), uploaded by Mirko Tomasi"
"187","Peacock Moth","Macaria notata",TRUE,FALSE,"O",FALSE,FALSE,"",FALSE,"https://static.inaturalist.org/photos/80311163/medium.jpeg","(c) Stuart Hill, all rights reserved, uploaded by Stuart Hill"
"188","Sharp-angled Peacock","Macaria alternata",TRUE,FALSE,"P",TRUE,FALSE,"",FALSE,"https://inaturalist-open-data.s3.amazonaws.com/photos/2263141/medium.JPG","(c) James Bailey, some rights reserved (CC BY-NC), uploaded by James Bailey"
"189","Tawny-barred Angle","Macaria liturata",TRUE,FALSE,"O",TRUE,TRUE,"",FALSE,"https://inaturalist-open-data.s3.amazonaws.com/photos/126416790/medium.jpeg","(c) thomas_messner, some rights reserved (CC BY-NC), uploaded by thomas_messner"
"190","Early Moth","Theria primaria",TRUE,FALSE,"O",TRUE,FALSE,"",FALSE,"https://inaturalist-open-data.s3.amazonaws.com/photos/6405283/medium.jpg","(c) Donald Hobern, some rights reserved (CC BY)"
"191","Spring Usher","Agriopis leucophaearia",TRUE,FALSE,"O",TRUE,FALSE,"",FALSE,"https://static.inaturalist.org/photos/29721773/medium.jpg","(c) Paolo Mazzei, some rights reserved (CC BY-NC), uploaded by Paolo Mazzei"
"192","Scarce Umber","Agriopis aurantiaria",TRUE,FALSE,"P",TRUE,FALSE,"",FALSE,"https://inaturalist-open-data.s3.amazonaws.com/photos/60970896/medium.jpg","(c) Vojtek Pavel, some rights reserved (CC BY-NC), uploaded by Vojtek Pavel"
"193","Dotted Border","Agriopis marginaria",TRUE,FALSE,"P",TRUE,TRUE,"",FALSE,"https://inaturalist-open-data.s3.amazonaws.com/photos/717233/medium.jpg","(c) Kjeld Brem, some rights reserved (CC BY-NC-ND), uploaded by Kjeld Brem"
"194","Mottled Umber","Erannis defoliaria",TRUE,FALSE,"P",TRUE,TRUE,"",FALSE,"https://inaturalist-open-data.s3.amazonaws.com/photos/912990/medium.jpg","(c) Tony Morris, some rights reserved (CC BY-NC)"
"195","Barred Umber","Plagodis pulveraria",TRUE,FALSE,"M",FALSE,FALSE,"Hazel",FALSE,"https://inaturalist-open-data.s3.amazonaws.com/photos/8145320/medium.jpg","(c) Marco Bonifacino, some rights reserved (CC BY-NC), uploaded by Marco Bonifacino"
"196","Large Thorn","Ennomos autumnaria",TRUE,FALSE,"P",TRUE,FALSE,"",TRUE,"https://inaturalist-open-data.s3.amazonaws.com/photos/96192804/medium.jpg","(c) Michał Brzeziński, some rights reserved (CC BY-NC), uploaded by Michał Brzeziński"
"197","August Thorn","Ennomos quercinaria",TRUE,FALSE,"P",TRUE,FALSE,"",FALSE,"https://static.inaturalist.org/photos/4755140/medium.jpg","(c) davidhowdon, all rights reserved, uploaded by davidhowdon"
"198","Canary-shouldered Thorn","Ennomos alniaria",TRUE,FALSE,"P",TRUE,TRUE,"",FALSE,"https://static.inaturalist.org/photos/99481259/medium.jpeg","(c) ruthescobes, all rights reserved, uploaded by ruthescobes"
"199","Dusky Thorn","Ennomos fuscantaria",TRUE,FALSE,"M",TRUE,FALSE,"Ash",FALSE,"https://inaturalist-open-data.s3.amazonaws.com/photos/476331/medium.jpg","(c) Donald Hobern, some rights reserved (CC BY)"
"200","September Thorn","Ennomos erosaria",TRUE,FALSE,"P",TRUE,FALSE,"",FALSE,"https://inaturalist-open-data.s3.amazonaws.com/photos/1699596/medium.jpg","(c) Ben Sale, some rights reserved (CC BY)"
"201","Early Thorn","Selenia dentaria",TRUE,FALSE,"P",TRUE,TRUE,"",FALSE,"https://static.inaturalist.org/photos/32725629/medium.jpg","(c) Paolo Mazzei, some rights reserved (CC BY-NC), uploaded by Paolo Mazzei"
"202","Lunar Thorn","Selenia lunularia",TRUE,FALSE,"P",TRUE,FALSE,"",FALSE,"https://inaturalist-open-data.s3.amazonaws.com/photos/126290963/medium.jpg","(c) Leo Kuzmits, some rights reserved (CC BY-NC), uploaded by Leo Kuzmits"
"203","Purple Thorn","Selenia tetralunaria",TRUE,FALSE,"P",TRUE,TRUE,"",FALSE,"https://inaturalist-open-data.s3.amazonaws.com/photos/2491359/medium.jpg","(c) Ben Sale, some rights reserved (CC BY)"
"204","Lilac Beauty","Apeira syringaria",TRUE,FALSE,"P",TRUE,FALSE,"",FALSE,"https://inaturalist-open-data.s3.amazonaws.com/photos/2581051/medium.jpg","(c) Jerzy Strzelecki, some rights reserved (CC BY-SA)"
"205","Scalloped Hazel","Odontopera bidentata",TRUE,FALSE,"P",TRUE,TRUE,"",FALSE,"https://inaturalist-open-data.s3.amazonaws.com/photos/79500363/medium.jpg","(c) Charlotte Belcher, some rights reserved (CC BY-NC), uploaded by Charlotte Belcher"
"206","Feathered Thorn","Colotois pennaria",TRUE,FALSE,"P",TRUE,TRUE,"",FALSE,"https://inaturalist-open-data.s3.amazonaws.com/photos/2588338/medium.jpg","(c) nutmeg66, some rights reserved (CC BY-NC-ND)"
"207","Scalloped Oak","Crocallis elinguaria",TRUE,FALSE,"P",TRUE,TRUE,"",FALSE,"https://static.inaturalist.org/photos/9518772/medium.jpg","(c) Kyle Drexel, all rights reserved, uploaded by Kyle Drexel"
"208","Scorched Wing","Plagodis dolabraria",TRUE,FALSE,"P",FALSE,TRUE,"",FALSE,"https://inaturalist-open-data.s3.amazonaws.com/photos/134294105/medium.jpg","(c) Michał Brzeziński, some rights reserved (CC BY-NC), uploaded by Michał Brzeziński"
"209","Brimstone Moth","Opisthograptis luteolata",TRUE,FALSE,"P",TRUE,TRUE,"",FALSE,"https://inaturalist-open-data.s3.amazonaws.com/photos/257880/medium.jpg","(c) Bernard DUPONT, some rights reserved (CC BY-NC-SA)"
"210","Bordered Beauty","Epione repandaria",TRUE,FALSE,"P",FALSE,FALSE,"",FALSE,"https://inaturalist-open-data.s3.amazonaws.com/photos/94532587/medium.jpg","(c) Michał Brzeziński, some rights reserved (CC BY-NC), uploaded by Michał Brzeziński"
"211","Swallow-tail Moth","Ourapteryx sambucaria",TRUE,FALSE,"P",TRUE,TRUE,"",TRUE,"https://static.inaturalist.org/photos/5427140/medium.jpg","(c) Nigel Voaden, all rights reserved"
"212","Pale Brindled Beauty","Apocheima pilosaria",NA,FALSE,NA,TRUE,NA,"",NA,"https://inaturalist-open-data.s3.amazonaws.com/photos/177481440/medium.jpg","(c) Alexis Lours, some rights reserved (CC BY), uploaded by Alexis Lours"
"213","Small Brindled Beauty","Apocheima hispidaria",TRUE,FALSE,"O",TRUE,FALSE,"",FALSE,"https://inaturalist-open-data.s3.amazonaws.com/photos/32747775/medium.jpg","(c) Shamil Murtazin, some rights reserved (CC BY-NC), uploaded by Shamil Murtazin"
"214","Brindled Beauty","Lycia hirtaria",TRUE,FALSE,"P",TRUE,FALSE,"",FALSE,"https://static.inaturalist.org/photos/71974917/medium.jpg","(c) Sławomir Czechowski, all rights reserved, uploaded by Sławomir Czechowski"
"215","Oak Beauty","Biston strataria",TRUE,FALSE,"P",TRUE,TRUE,"",FALSE,"https://inaturalist-open-data.s3.amazonaws.com/photos/120539492/medium.jpg","(c) Michał Brzeziński, some rights reserved (CC BY-NC), uploaded by Michał Brzeziński"
"216","Peppered Moth","Biston betularia",TRUE,FALSE,"P",TRUE,TRUE,"",TRUE,"https://inaturalist-open-data.s3.amazonaws.com/photos/46891363/medium.jpeg","(c) Suso Tizón, some rights reserved (CC BY-NC-SA), uploaded by Suso Tizón"
"217","Waved Umber","Menophra abruptaria",TRUE,FALSE,"O",TRUE,FALSE,"",FALSE,"https://inaturalist-open-data.s3.amazonaws.com/photos/2495253/medium.jpg","(c) Drepanostoma, some rights reserved (CC BY-NC), uploaded by Drepanostoma"
"218","Willow Beauty","Peribatodes rhomboidaria",TRUE,FALSE,"P",TRUE,TRUE,"",FALSE,"https://inaturalist-open-data.s3.amazonaws.com/photos/360932/medium.jpg","(c) Marcello Consolo, some rights reserved (CC BY-NC-SA)"
"219","Brussels Lace","Cleorodes lichenaria",TRUE,FALSE,"P",FALSE,FALSE,"",FALSE,"https://static.inaturalist.org/photos/29755966/medium.jpg","(c) Paolo Mazzei, some rights reserved (CC BY-NC), uploaded by Paolo Mazzei"
"220","Satin Beauty","Deileptenia ribeata",TRUE,FALSE,"P",FALSE,FALSE,"",FALSE,"https://inaturalist-open-data.s3.amazonaws.com/photos/60908908/medium.jpeg","(c) Александр Корепанов, some rights reserved (CC BY-NC), uploaded by Александр Корепанов"
"221","Mottled Beauty","Alcis repandata",TRUE,FALSE,"P",TRUE,TRUE,"",FALSE,"https://inaturalist-open-data.s3.amazonaws.com/photos/65176502/medium.jpeg","(c) sokolkov2002, some rights reserved (CC BY-NC), uploaded by sokolkov2002"
"222","Dotted Carpet","Alcis jubata",TRUE,FALSE,"O",FALSE,FALSE,"beard lichens",FALSE,"https://static.inaturalist.org/photos/34565045/medium.jpg","(c) Nigel Voaden, all rights reserved"
"223","Pale Oak Beauty","Hypomecis punctinalis",TRUE,FALSE,"P",FALSE,FALSE,"",FALSE,"https://inaturalist-open-data.s3.amazonaws.com/photos/2270983/medium.jpg","(c) Lmbuga Commons, some rights reserved (CC BY-SA)"
"224","The Engrailed / Small Engrailed","Ectropis bistortata / crepuscularia",NA,FALSE,NA,FALSE,NA,"",NA,"https://inaturalist-open-data.s3.amazonaws.com/photos/3353604/medium.jpg","(c) Vlad Proklov, some rights reserved (CC BY-NC)"
"225","Brindled White-spot","Parectropis similaria",TRUE,FALSE,"P",TRUE,FALSE,"",FALSE,"https://inaturalist-open-data.s3.amazonaws.com/photos/2499776/medium.jpg","(c) Ben Sale, some rights reserved (CC BY)"
"226","Grey Birch","Aethalura punctulata",TRUE,FALSE,"O",FALSE,FALSE,"",FALSE,"https://inaturalist-open-data.s3.amazonaws.com/photos/4351734/medium.jpg","(c) Richard, some rights reserved (CC BY-NC)"
"227","Horse Chestnut","Pachycnemia hippocastanaria",TRUE,FALSE,"O",FALSE,FALSE,"",FALSE,"https://static.inaturalist.org/photos/8598085/medium.jpg","(c) Helder Cardoso, all rights reserved, uploaded by Helder Cardoso"
"228","Bordered White","Bupalus piniaria",TRUE,TRUE,"O",TRUE,TRUE,"",FALSE,"https://inaturalist-open-data.s3.amazonaws.com/photos/78813046/medium.jpg","(c) Michał Brzeziński, some rights reserved (CC BY-NC), uploaded by Michał Brzeziński"
"229","The V-moth","Macaria wauaria",TRUE,FALSE,"O",TRUE,FALSE,"",FALSE,"https://inaturalist-open-data.s3.amazonaws.com/photos/4244776/medium.jpg","(c) Martin Grimm, some rights reserved (CC BY-NC), uploaded by Martin Grimm"
"230","Brown Silver-lines","Petrophora chlorosata",TRUE,FALSE,"M",TRUE,TRUE,"Bracken",FALSE,"https://inaturalist-open-data.s3.amazonaws.com/photos/360569/medium.jpg","(c) Tony Morris, some rights reserved (CC BY-NC)"
"231","Latticed Heath","Chiasmia clathrata",TRUE,TRUE,"O",TRUE,TRUE,"",FALSE,"https://static.inaturalist.org/photos/55964005/medium.jpg","(c) Paolo Mazzei, some rights reserved (CC BY-NC), uploaded by Paolo Mazzei"
"232","Grey Scalloped Bar","Dyscia fagaria",TRUE,FALSE,"O",TRUE,FALSE,"",FALSE,"https://inaturalist-open-data.s3.amazonaws.com/photos/41935560/medium.jpeg","(c) Christine Sydes, some rights reserved (CC BY-NC), uploaded by Christine Sydes"
"233","Yellow Belle","Semiaspilates ochrearia",NA,FALSE,NA,TRUE,NA,"",NA,"https://inaturalist-open-data.s3.amazonaws.com/photos/66468073/medium.jpg","(c) osoandino, some rights reserved (CC BY-NC), uploaded by osoandino"
"234","Ghost Swift","Hepialus humuli",TRUE,FALSE,"P",TRUE,TRUE,"",TRUE,"https://inaturalist-open-data.s3.amazonaws.com/photos/1014641/medium.jpg","(c) bramblejungle, some rights reserved (CC BY-NC)"
"235","Orange Swift","Hepialus sylvina",NA,FALSE,NA,FALSE,NA,"",NA,"https://inaturalist-open-data.s3.amazonaws.com/photos/1014643/medium.jpg","(c) nutmeg66, some rights reserved (CC BY-NC-ND)"
"236","Map-winged Swift","Pharmacis fusconebulosa",NA,FALSE,NA,FALSE,NA,"",NA,"https://inaturalist-open-data.s3.amazonaws.com/photos/1014645/medium.jpg","(c) Tony Morris, some rights reserved (CC BY-NC)"
"237","Common Swift","Hepialus lupulinus",NA,FALSE,NA,TRUE,NA,"",NA,"https://inaturalist-open-data.s3.amazonaws.com/photos/356678/medium.jpg","(c) naturalhistoryman, some rights reserved (CC BY-NC-ND)"
"238","Gold Swift","Phymatopus hecta",TRUE,TRUE,"P",TRUE,FALSE,"",FALSE,"https://inaturalist-open-data.s3.amazonaws.com/photos/28301684/medium.jpeg","(c) Pascal Dubois, some rights reserved (CC BY-NC), uploaded by Pascal Dubois"
"239","The Lackey","Malacosoma neustria",TRUE,FALSE,"O",TRUE,FALSE,"",TRUE,"https://inaturalist-open-data.s3.amazonaws.com/photos/45468318/medium.jpeg","(c) Riccardo Molajoli, some rights reserved (CC BY-NC), uploaded by Riccardo Molajoli"
"240","Pale Eggar","Trichiura crataegi",TRUE,FALSE,"P",TRUE,FALSE,"",FALSE,"https://inaturalist-open-data.s3.amazonaws.com/photos/10330121/medium.jpeg","(c) Fernando de Juana, some rights reserved (CC BY-NC), uploaded by Fernando de Juana"
"241","December Moth","Poecilocampa populi",TRUE,FALSE,"P",TRUE,TRUE,"",TRUE,"https://static.inaturalist.org/photos/101213290/medium.jpg","(c) Rowan Wakefield, all rights reserved, uploaded by Rowan Wakefield"
"242","Oak Eggar","Lasiocampa quercus",TRUE,TRUE,"P",FALSE,TRUE,"",TRUE,"https://inaturalist-open-data.s3.amazonaws.com/photos/29068332/medium.jpg","(c) Andrey Ponomarev, some rights reserved (CC BY-NC), uploaded by Andrey Ponomarev"
"243","Fox Moth","Macrothylacia rubi",TRUE,TRUE,"P",FALSE,TRUE,"",TRUE,"https://inaturalist-open-data.s3.amazonaws.com/photos/1093136/medium.jpg","(c) Ferran Turmo Gort, some rights reserved (CC BY-NC-SA)"
"244","The Drinker","Euthrix potatoria",TRUE,FALSE,"P",FALSE,TRUE,"",TRUE,"https://inaturalist-open-data.s3.amazonaws.com/photos/396381/medium.jpg","(c) Tony Morris, some rights reserved (CC BY-NC)"
"245","The Lappet","Gastropacha quercifolia",TRUE,FALSE,"O",TRUE,FALSE,"",TRUE,"https://inaturalist-open-data.s3.amazonaws.com/photos/685618/medium.jpg","(c) Donald Hobern, some rights reserved (CC BY)"
"246","Rush Veneer","Nomophila noctuella",NA,FALSE,NA,FALSE,NA,"",NA,"https://inaturalist-open-data.s3.amazonaws.com/photos/62614870/medium.jpg","(c) Vojtek Pavel, some rights reserved (CC BY-NC), uploaded by Vojtek Pavel"
"247","Rusty Dot Pearl","Udea ferrugalis",NA,FALSE,NA,FALSE,NA,"",NA,"https://inaturalist-open-data.s3.amazonaws.com/photos/545133/medium.jpg","(c) Marcello Consolo, some rights reserved (CC BY-NC-SA)"
"248","Diamond-backed Moth","Plutella xylostella",NA,FALSE,NA,FALSE,NA,"",NA,"https://inaturalist-open-data.s3.amazonaws.com/photos/27608259/medium.jpg","(c) Lucas Rubio, some rights reserved (CC BY), uploaded by Lucas Rubio"
"249","Garden Dart","Euxoa nigricans",TRUE,FALSE,"P",TRUE,FALSE,"",TRUE,"https://inaturalist-open-data.s3.amazonaws.com/photos/2210181/medium.jpg","(c) Donald Hobern, some rights reserved (CC BY)"
"250","White-line Dart","Euxoa tritici",TRUE,FALSE,"P",TRUE,FALSE,"",TRUE,"",""
"251","Turnip Moth","Agrotis segetum",TRUE,FALSE,"P",TRUE,TRUE,"",TRUE,"https://static.inaturalist.org/photos/33842248/medium.jpg","(c) Paolo Mazzei, some rights reserved (CC BY-NC), uploaded by Paolo Mazzei"
"252","Heart & Club","Agrotis clavis",TRUE,FALSE,"P",FALSE,FALSE,"",TRUE,"https://inaturalist-open-data.s3.amazonaws.com/photos/144232513/medium.jpg","(с) Michał Brzeziński, некоторые права защищены (CC BY-NC), uploaded by Michał Brzeziński"
"253","Shuttle-shaped Dart","Agrotis puta",TRUE,FALSE,"P",TRUE,TRUE,"",FALSE,"https://static.inaturalist.org/photos/24750983/medium.jpg","(c) Valter Jacinto, all rights reserved, uploaded by Valter Jacinto"
"254","Heart & Dart","Agrotis exclamationis",TRUE,FALSE,"P",TRUE,TRUE,"",TRUE,"https://inaturalist-open-data.s3.amazonaws.com/photos/12666824/medium.jpg","(c) Nikolai Vladimirov, some rights reserved (CC BY-NC), uploaded by Nikolai Vladimirov"
"255","Dark Sword-grass","Agrotis ipsilon",NA,FALSE,NA,TRUE,TRUE,"",TRUE,"https://inaturalist-open-data.s3.amazonaws.com/photos/33728725/medium.jpg","(c) John Trent, some rights reserved (CC BY-NC-ND), uploaded by John Trent"
"256","True Lover's Knot","Lycophotia porphyrea",TRUE,TRUE,"O",TRUE,TRUE,"",FALSE,"https://inaturalist-open-data.s3.amazonaws.com/photos/145566561/medium.jpeg","(c) Koos Uys, some rights reserved (CC BY-NC), uploaded by Koos Uys"
"257","Stout Dart","Spaelotis ravida",TRUE,FALSE,NA,TRUE,FALSE,"",TRUE,"https://inaturalist-open-data.s3.amazonaws.com/photos/95170704/medium.jpg","(c) Michał Brzeziński, some rights reserved (CC BY-NC), uploaded by Michał Brzeziński"
"258","Double Dart","Graphiphora augur",TRUE,FALSE,"P",TRUE,FALSE,"",TRUE,"https://inaturalist-open-data.s3.amazonaws.com/photos/144517527/medium.jpg","(c) Michał Brzeziński, some rights reserved (CC BY-NC), uploaded by Michał Brzeziński"
"259","Purple Clay","Diarsia brunnea",TRUE,FALSE,"P",TRUE,TRUE,"",TRUE,"https://inaturalist-open-data.s3.amazonaws.com/photos/4832458/medium.jpg","(c) Wildlife in a Dorset garden., some rights reserved (CC BY-NC-SA)"
"260","Ingrailed Clay","Diarsia mendica",TRUE,FALSE,"P",TRUE,TRUE,"",TRUE,"https://inaturalist-open-data.s3.amazonaws.com/photos/144843731/medium.jpg","(с) Michał Brzeziński, некоторые права защищены (CC BY-NC), uploaded by Michał Brzeziński"
"261","Barred Chestnut","Diarsia dahlii",TRUE,FALSE,"P",FALSE,FALSE,"",TRUE,"https://inaturalist-open-data.s3.amazonaws.com/photos/445898/medium.jpg","(c) Donald Hobern, some rights reserved (CC BY)"
"262","Small Square-spot","Diarsia rubi",TRUE,FALSE,"P",TRUE,TRUE,"",FALSE,"https://inaturalist-open-data.s3.amazonaws.com/photos/150982321/medium.jpg","(c) Michał Brzeziński, some rights reserved (CC BY-NC), uploaded by Michał Brzeziński"
"263","Flame Shoulder","Ochropleura plecta",TRUE,FALSE,"P",FALSE,TRUE,"",FALSE,"https://inaturalist-open-data.s3.amazonaws.com/photos/78126856/medium.jpg","(c) Michał Brzeziński, some rights reserved (CC BY-NC), uploaded by Michał Brzeziński"
"264","Heath Rustic","Xestia agathina",TRUE,FALSE,"O",TRUE,FALSE,"",TRUE,"https://inaturalist-open-data.s3.amazonaws.com/photos/2591147/medium.jpg","(c) Ferran Turmo Gort, some rights reserved (CC BY-NC-SA)"
"265","Autumnal Rustic","Eugnorisma glareosa",TRUE,FALSE,"P",TRUE,TRUE,"",TRUE,"https://static.inaturalist.org/photos/6043260/medium.jpg","(c) Nigel Voaden, all rights reserved"
"266","Neglected or Grey Rustic","Xestia castanea",TRUE,FALSE,"P",TRUE,FALSE,"",TRUE,"https://inaturalist-open-data.s3.amazonaws.com/photos/73787812/medium.jpg","(c) corotauria, some rights reserved (CC BY-NC)"
"267","Dotted Clay","Xestia baja",TRUE,FALSE,"P",TRUE,TRUE,"",TRUE,"https://static.inaturalist.org/photos/5750661/medium.jpg","(c) Mark Etheridge, all rights reserved"
"268","Setaceous Hebrew Character","Xestia c-nigrum",TRUE,FALSE,"P",FALSE,TRUE,"",TRUE,"https://static.inaturalist.org/photos/15546686/medium.jpg","(c) Henk Wallays, all rights reserved, uploaded by Henk Wallays"
"269","Triple-spotted Clay","Xestia ditrapezium",TRUE,FALSE,"P",FALSE,FALSE,"",TRUE,"https://inaturalist-open-data.s3.amazonaws.com/photos/27312322/medium.jpg","(c) Nikolai Vladimirov, some rights reserved (CC BY-NC), uploaded by Nikolai Vladimirov"
"270","Double Square-spot","Xestia triangulum",TRUE,FALSE,"P",TRUE,TRUE,"",TRUE,"https://inaturalist-open-data.s3.amazonaws.com/photos/12472599/medium.jpg","(c) Nikolai Vladimirov, some rights reserved (CC BY-NC), uploaded by Nikolai Vladimirov"
"271","Six-striped Rustic","Xestia sexstrigata",TRUE,FALSE,"P",TRUE,TRUE,"",TRUE,"",""
"272","Square-spot Rustic","Xestia xanthographa",TRUE,FALSE,"P",FALSE,TRUE,"",TRUE,"https://static.inaturalist.org/photos/55957043/medium.jpg","(c) Paolo Mazzei, some rights reserved (CC BY-NC), uploaded by Paolo Mazzei"
"273","The Flame","Axylia putris",TRUE,FALSE,"P",FALSE,TRUE,"",TRUE,"https://inaturalist-open-data.s3.amazonaws.com/photos/138198906/medium.jpg","(c) Michał Brzeziński, some rights reserved (CC BY-NC), uploaded by Michał Brzeziński"
"274","Green Arches","Anaplectoides prasina",TRUE,FALSE,"P",FALSE,TRUE,"",TRUE,"https://inaturalist-open-data.s3.amazonaws.com/photos/144517573/medium.jpg","(c) Michał Brzeziński, some rights reserved (CC BY-NC), uploaded by Michał Brzeziński"
"275","Red Chestnut","Cerastis rubricosa",TRUE,FALSE,"P",TRUE,TRUE,"",TRUE,"https://static.inaturalist.org/photos/32377840/medium.jpg","(c) Paolo Mazzei, some rights reserved (CC BY-NC), uploaded by Paolo Mazzei"
"276","The Gothic","Naenia typica",TRUE,FALSE,"P",TRUE,TRUE,"",TRUE,"https://inaturalist-open-data.s3.amazonaws.com/photos/12799620/medium.jpg","(с) Patrick Clement, некоторые права защищены (CC BY)"
"277","Lesser Yellow Underwing","Noctua comes",TRUE,FALSE,"P",FALSE,TRUE,"",TRUE,"https://static.inaturalist.org/photos/12801683/medium.jpg","(c) Michael King, all rights reserved, uploaded by Michael H. King"
"278","Lesser Broad-bordered Yellow Underwing","Noctua janthe",TRUE,FALSE,"P",FALSE,TRUE,"",TRUE,"https://static.inaturalist.org/photos/80974724/medium.jpeg","(c) Werner, all rights reserved, uploaded by Werner"
"279","Least Yellow Underwing","Noctua interjecta caliginosa",NA,FALSE,NA,TRUE,NA,"",NA,"https://inaturalist-open-data.s3.amazonaws.com/photos/9482024/medium.jpeg","(c) Jakob Fahr, some rights reserved (CC BY-NC), uploaded by Jakob Fahr"
"280","Large Yellow Underwing","Noctua pronuba",TRUE,FALSE,"P",FALSE,TRUE,"",TRUE,"https://inaturalist-open-data.s3.amazonaws.com/photos/162042927/medium.jpg","(c) NobbiP, some rights reserved (CC BY-SA)"
"281","Broad-bordered Yellow Underwing","Noctua fimbriata",TRUE,FALSE,"P",FALSE,TRUE,"",TRUE,"https://inaturalist-open-data.s3.amazonaws.com/photos/19043375/medium.jpeg","no rights reserved, uploaded by Francesco Cecere"
"282","Cabbage Moth","Mamestra brassicae",TRUE,FALSE,"P",TRUE,TRUE,"",TRUE,"https://inaturalist-open-data.s3.amazonaws.com/photos/38795433/medium.jpg","(c) Danilo Ugrnov, some rights reserved (CC BY-NC), uploaded by Danilo Ugrnov"
"283","Dot Moth","Melanchra persicariae",TRUE,FALSE,"P",TRUE,TRUE,"",TRUE,"https://inaturalist-open-data.s3.amazonaws.com/photos/18336/medium.jpg","(c) Rachel, some rights reserved (CC BY-NC-ND)"
"284","Grey Arches","Polia nebulosa",TRUE,FALSE,"P",TRUE,FALSE,"",TRUE,"https://inaturalist-open-data.s3.amazonaws.com/photos/43299366/medium.jpeg","(c) nicky-by-nature, some rights reserved (CC BY-NC)"
"285","Bright-line Brown-eye","Lacanobia oleracea",TRUE,FALSE,"P",TRUE,TRUE,"",TRUE,"https://static.inaturalist.org/photos/15548660/medium.jpg","(c) Henk Wallays, all rights reserved, uploaded by Henk Wallays"
"286","Broom Moth","Melanchra pisi",NA,FALSE,NA,TRUE,NA,"",NA,"https://inaturalist-open-data.s3.amazonaws.com/photos/134869526/medium.jpg","(c) Michał Brzeziński, some rights reserved (CC BY-NC), uploaded by Michał Brzeziński"
"287","The Shears","Hada plebeja",TRUE,FALSE,"P",TRUE,TRUE,"",TRUE,"https://inaturalist-open-data.s3.amazonaws.com/photos/12666951/medium.jpg","(с) Nikolai Vladimirov, некоторые права защищены (CC BY-NC), uploaded by Nikolai Vladimirov"
"288","The Nutmeg","Discestra trifolii",NA,FALSE,NA,TRUE,NA,"",NA,"https://inaturalist-open-data.s3.amazonaws.com/photos/32742517/medium.jpg","(c) Shamil Murtazin, some rights reserved (CC BY-NC), uploaded by Shamil Murtazin"
"289","Pale-shouldered Brocade","Lacanobia thalassina",TRUE,FALSE,"P",TRUE,TRUE,"",TRUE,"https://inaturalist-open-data.s3.amazonaws.com/photos/159955397/medium.jpg","(c) Michał Brzeziński, some rights reserved (CC BY-NC), uploaded by Michał Brzeziński"
"290","Glaucous Shears","Papestra biren",TRUE,FALSE,"P",TRUE,FALSE,"",TRUE,"https://inaturalist-open-data.s3.amazonaws.com/photos/8104232/medium.jpg","(c) Andrea Peterlongo, some rights reserved (CC BY-NC), uploaded by Andrea Peterlongo"
"291","Broad-barred White","Hecatera bicolorata",TRUE,FALSE,"O",TRUE,FALSE,"",FALSE,"https://static.inaturalist.org/photos/29249023/medium.jpg","(c) Paolo Mazzei, some rights reserved (CC BY-NC), uploaded by Paolo Mazzei"
"292","The Lychnis","Hadena bicruris",TRUE,FALSE,"O",TRUE,TRUE,"",TRUE,"https://inaturalist-open-data.s3.amazonaws.com/photos/903525/medium.jpg","(c) Donald Hobern, some rights reserved (CC BY)"
"293","The Campion","Hadena rivularis",NA,FALSE,NA,FALSE,NA,"",NA,"https://inaturalist-open-data.s3.amazonaws.com/photos/99073727/medium.jpg","(с) Heiner Ziegler, некоторые права защищены (CC BY-NC), uploaded by Heiner Ziegler"
"294","Tawny Shears","Hadena perplexa perplexa",NA,FALSE,NA,TRUE,NA,"",NA,"https://static.inaturalist.org/photos/17827698/medium.jpg","(c) Henk Wallays, all rights reserved, uploaded by Henk Wallays"
"295","Feathered Gothic","Tholera decimalis",TRUE,FALSE,"O",TRUE,FALSE,"",TRUE,"https://static.inaturalist.org/photos/104931754/medium.jpg","(c) Linné's Nightmare, all rights reserved, uploaded by Linné's Nightmare"
"296","Hedge Rustic","Tholera cespitis",TRUE,FALSE,"O",TRUE,FALSE,"",TRUE,"https://inaturalist-open-data.s3.amazonaws.com/photos/91794354/medium.jpg","(c) Michał Brzeziński, some rights reserved (CC BY-NC), uploaded by Michał Brzeziński"
"297","Antler Moth","Cerapteryx graminis",TRUE,TRUE,"P",TRUE,TRUE,"",FALSE,"https://inaturalist-open-data.s3.amazonaws.com/photos/419556/medium.jpg","(с) Donald Hobern, некоторые права защищены (CC BY)"
"298","Hebrew Character","Orthosia gothica",TRUE,FALSE,"P",TRUE,TRUE,"",TRUE,"https://inaturalist-open-data.s3.amazonaws.com/photos/63548960/medium.jpg","(c) ALLEMAND Guillaume, some rights reserved (CC BY-NC), uploaded by ALLEMAND Guillaume"
"299","Small Quaker","Orthosia cruda",TRUE,FALSE,"P",TRUE,TRUE,"",FALSE,"https://static.inaturalist.org/photos/114929955/medium.jpg","(c) Paolo Mazzei, some rights reserved (CC BY-NC), uploaded by Paolo Mazzei"
"300","Common Quaker","Orthosia cerasi",TRUE,FALSE,"P",TRUE,TRUE,"",TRUE,"https://static.inaturalist.org/photos/61369586/medium.jpg","(c) Paolo Mazzei, some rights reserved (CC BY-NC), uploaded by Paolo Mazzei"
"301","Lead-coloured Drab","Orthosia populeti",TRUE,FALSE,"O",TRUE,FALSE,"",TRUE,"https://inaturalist-open-data.s3.amazonaws.com/photos/12261041/medium.jpg","(c) Nikolai Vladimirov, some rights reserved (CC BY-NC), uploaded by Nikolai Vladimirov"
"302","Clouded Drab","Orthosia incerta",TRUE,FALSE,"P",TRUE,TRUE,"",TRUE,"https://inaturalist-open-data.s3.amazonaws.com/photos/64539391/medium.jpg","(c) Vojtek Pavel, some rights reserved (CC BY-NC), uploaded by Vojtek Pavel"
"303","Twin-spotted Quaker","Orthosia munda",NA,FALSE,NA,TRUE,NA,"",NA,"https://static.inaturalist.org/photos/29323476/medium.jpg","(c) Paolo Mazzei, some rights reserved (CC BY-NC), uploaded by Paolo Mazzei"
"304","Powdered Quaker","Orthosia gracilis",TRUE,FALSE,"P",TRUE,TRUE,"",TRUE,"https://inaturalist-open-data.s3.amazonaws.com/photos/129599001/medium.jpg","(c) Александр Корепанов, some rights reserved (CC BY-NC), uploaded by Александр Корепанов"
"305","Pine Beauty","Panolis flammea",TRUE,FALSE,"O",FALSE,TRUE,"",TRUE,"https://static.inaturalist.org/photos/33158327/medium.jpg","(c) Paolo Mazzei, some rights reserved (CC BY-NC), uploaded by Paolo Mazzei"
"306","Common Wainscot","Mythimna pallens",TRUE,FALSE,"O",TRUE,TRUE,"",TRUE,"https://static.inaturalist.org/photos/14901481/medium.jpg","(c) Henk Wallays, all rights reserved"
"307","Smoky Wainscot","Mythimna impura",TRUE,FALSE,"P",TRUE,TRUE,"",TRUE,"https://static.inaturalist.org/photos/14901481/medium.jpg","(c) Henk Wallays, all rights reserved"
"308","Shoulder-striped Wainscot","Mythimna comma",NA,FALSE,NA,TRUE,NA,"",NA,"https://static.inaturalist.org/photos/8446295/medium.jpg","(c) Tig, all rights reserved, uploaded by Tig"
"309","White-point","Mythimna (Hyphilare) albipuncta",NA,FALSE,NA,NA,NA,"",NA,"",""
"310","The Clay","Mythimna (Hyphilare) ferrago",NA,FALSE,NA,TRUE,NA,"",NA,"",""
"311","Brown-line Bright-eye","Mythimna conigera",TRUE,FALSE,"O",FALSE,TRUE,"",TRUE,"https://inaturalist-open-data.s3.amazonaws.com/photos/144844720/medium.jpg","(c) Michał Brzeziński, some rights reserved (CC BY-NC), uploaded by Michał Brzeziński"
"312","The Anomalous","Stilbia anomala",TRUE,FALSE,"O",TRUE,FALSE,"",TRUE,"https://static.inaturalist.org/photos/6025858/medium.jpg","(c) Nigel Voaden, all rights reserved"
"313","Large Wainscot","Rhizedra lutosa",TRUE,FALSE,"M",TRUE,FALSE,"Common Reed",TRUE,"https://inaturalist-open-data.s3.amazonaws.com/photos/10763099/medium.jpg","(c) Ray Simpson, some rights reserved (CC BY-NC), uploaded by Ray Simpson"
"314","Small Wainscot","Chortodes pygmina",NA,FALSE,NA,FALSE,NA,"",NA,"https://inaturalist-open-data.s3.amazonaws.com/photos/1501787/medium.jpg","(c) Tony Morris, some rights reserved (CC BY-NC)"
"315","Small Rufous","Coenobia rufa",TRUE,TRUE,"O",FALSE,FALSE,"",FALSE,"https://static.inaturalist.org/photos/29830278/medium.jpg","(c) Nigel Voaden, all rights reserved"
"316","Treble Lines","Charanyca trigrammica",TRUE,FALSE,"P",FALSE,FALSE,"",TRUE,"https://inaturalist-open-data.s3.amazonaws.com/photos/74197076/medium.jpg","(c) Gilles San Martin, some rights reserved (CC BY-SA), uploaded by Gilles San Martin"
"317","Mottled Rustic","Caradrina morpheus",TRUE,FALSE,"P",TRUE,TRUE,"",FALSE,"https://inaturalist-open-data.s3.amazonaws.com/photos/42338964/medium.jpeg","(c) Marie Lou Legrand, some rights reserved (CC BY-NC), uploaded by Marie Lou Legrand"
"318","The Uncertain","Hoplodrina alsines",NA,FALSE,NA,FALSE,NA,"",NA,"https://inaturalist-open-data.s3.amazonaws.com/photos/12487003/medium.jpg","(c) Nikolai Vladimirov, some rights reserved (CC BY-NC), uploaded by Nikolai Vladimirov"
"319","The Rustic","Hoplodrina blanda",TRUE,FALSE,"P",TRUE,TRUE,"",FALSE,"https://inaturalist-open-data.s3.amazonaws.com/photos/19096669/medium.jpg","(c) John D Reynolds, some rights reserved (CC BY-NC), uploaded by John D Reynolds"
"320","Vine's Rustic","Hoplodrina ambigua",TRUE,FALSE,"P",FALSE,FALSE,"",FALSE,"https://static.inaturalist.org/photos/65405897/medium.jpeg","(c) Raniero Panfili, all rights reserved, uploaded by Raniero Panfili"
"321","Pale mottled willow moth","Caradrina (Paradrina) clavipalpis",NA,FALSE,NA,FALSE,NA,"",NA,"",""
"322","Light Arches","Apamea lithoxylaea",TRUE,FALSE,"O",TRUE,TRUE,"",TRUE,"https://static.inaturalist.org/photos/87556939/medium.jpeg","(c) Antoine Guiguet, all rights reserved, uploaded by Antoine Guiguet"
"323","Dark Arches","Apamea monoglypha",TRUE,FALSE,"O",TRUE,TRUE,"",TRUE,"https://static.inaturalist.org/photos/47471313/medium.jpg","(c) Marco Acquarone, all rights reserved, uploaded by Marco Acquarone"
"324","Clouded Brindle","Apamea epomidion",TRUE,FALSE,"O",FALSE,FALSE,"",TRUE,"https://inaturalist-open-data.s3.amazonaws.com/photos/18873033/medium.jpg","semmilyen jog nincs fenntartva, uploaded by Chris Raper"
"325","Clouded-bordered Brindle","Apamea crenata",TRUE,FALSE,"O",TRUE,TRUE,"",TRUE,"https://inaturalist-open-data.s3.amazonaws.com/photos/88599043/medium.jpg","(c) emiravasio, some rights reserved (CC BY-NC)"
"326","Rustic Shoulder-knot","Apamea sordens",TRUE,FALSE,"O",TRUE,TRUE,"",TRUE,"https://inaturalist-open-data.s3.amazonaws.com/photos/158757494/medium.jpg","(c) Andreas Manz, some rights reserved (CC BY-NC), uploaded by Andreas Manz"
"327","Small Clouded Brindle","Apamea unanimis",TRUE,FALSE,"O",FALSE,FALSE,"",TRUE,"https://inaturalist-open-data.s3.amazonaws.com/photos/8124699/medium.jpg","(c) Jim Johnson, some rights reserved (CC BY-NC-ND), uploaded by Jim Johnson"
"328","Large Nutmeg","Apamea anceps",TRUE,FALSE,"O",TRUE,FALSE,"",TRUE,"https://inaturalist-open-data.s3.amazonaws.com/photos/133786439/medium.jpg","(c) Michał Brzeziński, some rights reserved (CC BY-NC), uploaded by Michał Brzeziński"
"329","Dusky Brocade","Apamea remissa",TRUE,FALSE,"O",TRUE,TRUE,"",TRUE,"https://inaturalist-open-data.s3.amazonaws.com/photos/55468037/medium.jpeg","(c) Jim Thompson, some rights reserved (CC BY-NC), uploaded by Jim Thompson"
"330","Slender Brindle","Apamea scolopacina",TRUE,FALSE,"P",FALSE,TRUE,"",TRUE,"https://inaturalist-open-data.s3.amazonaws.com/photos/1699628/medium.jpg","(c) Ben Sale, some rights reserved (CC BY)"
"331","Double Lobed","Apamea ophiogramma",NA,FALSE,NA,FALSE,NA,"",NA,"https://static.inaturalist.org/photos/405673/medium.jpg","(c) 107714670957221091332, all rights reserved, uploaded by Timothy Reichard"
"332","Dingy Shears","Parastichtis ypsillon",NA,FALSE,NA,TRUE,NA,"",NA,"https://inaturalist-open-data.s3.amazonaws.com/photos/2162207/medium.jpg","(c) Donald Hobern, some rights reserved (CC BY)"
"333","Dusky Sallow","Eremobia ochroleuca",TRUE,TRUE,"O",FALSE,FALSE,"",TRUE,"https://inaturalist-open-data.s3.amazonaws.com/photos/461258/medium.jpg","(c) Tony Morris, some rights reserved (CC BY-NC)"
"334","Marbled Minor","Oligia strigilis",TRUE,FALSE,"O",TRUE,FALSE,"",FALSE,"https://inaturalist-open-data.s3.amazonaws.com/photos/8530192/medium.jpeg","(c) Nick Block, some rights reserved (CC BY), uploaded by Nick Block"
"335","Tawny Marbled Minor","Oligia latruncula",TRUE,FALSE,"O",TRUE,FALSE,"",FALSE,"https://inaturalist-open-data.s3.amazonaws.com/photos/8530192/medium.jpeg","(c) Nick Block, some rights reserved (CC BY), uploaded by Nick Block"
"336","Rufous Minor","Oligia versicolor",TRUE,FALSE,"O",FALSE,FALSE,"",FALSE,"https://inaturalist-open-data.s3.amazonaws.com/photos/8530192/medium.jpeg","(c) Nick Block, some rights reserved (CC BY), uploaded by Nick Block"
"337","Middle-barred Minor","Oligia fasciuncula",TRUE,FALSE,"O",FALSE,TRUE,"",FALSE,"https://inaturalist-open-data.s3.amazonaws.com/photos/138198846/medium.jpg","(c) Michał Brzeziński, some rights reserved (CC BY-NC), uploaded by Michał Brzeziński"
"338","Rosy Minor","Mesoligia literosa",NA,FALSE,NA,TRUE,NA,"",NA,"https://inaturalist-open-data.s3.amazonaws.com/photos/1918804/medium.jpg","(с) naturalhistoryman, некоторые права защищены (CC BY-NC-ND)"
"339","Cloaked Minor","Mesoligia furuncula",TRUE,TRUE,"O",FALSE,TRUE,"",FALSE,"https://inaturalist-open-data.s3.amazonaws.com/photos/89290927/medium.jpg","(c) Michał Brzeziński, some rights reserved (CC BY-NC), uploaded by Michał Brzeziński"
"340","Flounced Rustic","Luperina testacea",TRUE,FALSE,"O",TRUE,TRUE,"",TRUE,"https://inaturalist-open-data.s3.amazonaws.com/photos/4611255/medium.jpg","(c) Donald Hobern, some rights reserved (CC BY)"
"341","Small Angle Shades","Euplexia lucipara",TRUE,FALSE,"P",TRUE,TRUE,"",TRUE,"https://static.inaturalist.org/photos/79301077/medium.jpg","(c) Ben Sale, some rights reserved (CC BY)"
"342","Angle Shades","Phlogophora meticulosa",TRUE,FALSE,"P",TRUE,TRUE,"",TRUE,"https://static.inaturalist.org/photos/52305068/medium.jpeg","(c) Johan Munkhagen, all rights reserved, uploaded by Johan Munkhagen"
"343","Straw Underwing","Thalpophila matura",TRUE,FALSE,"O",TRUE,FALSE,"",TRUE,"https://inaturalist-open-data.s3.amazonaws.com/photos/49469422/medium.jpg","(с) raedwulf68, некоторые права защищены (CC BY-NC), uploaded by raedwulf68"
"344","Small Dotted Buff","Photedes minima",TRUE,FALSE,"M",TRUE,TRUE,"Tufted Hair-grass",FALSE,"https://inaturalist-open-data.s3.amazonaws.com/photos/2159840/medium.jpg","(c) Donald Hobern, some rights reserved (CC BY)"
"345","Haworth's Minor","Celaena haworthii",TRUE,TRUE,"M",TRUE,FALSE,"Common Cottongrass",FALSE,"https://inaturalist-open-data.s3.amazonaws.com/photos/2755512/medium.jpg","(c) Alastair Rae, some rights reserved (CC BY-SA)"
"346","The Crescent","Celaena leucostigma leucostigma",NA,FALSE,NA,TRUE,NA,"",NA,"https://inaturalist-open-data.s3.amazonaws.com/photos/6195305/medium.jpg","(c) Patrick Clement, some rights reserved (CC BY)"
"347","Ear Moth","Amphipoea oculea",TRUE,TRUE,"O",FALSE,FALSE,"",FALSE,"https://inaturalist-open-data.s3.amazonaws.com/photos/106030686/medium.jpeg","(c) steve_orridge, some rights reserved (CC BY-NC), uploaded by steve_orridge"
"348","Large Ear","Amphipoea lucens",TRUE,FALSE,"P",TRUE,FALSE,"",TRUE,"https://inaturalist-open-data.s3.amazonaws.com/photos/106030686/medium.jpeg","(c) steve_orridge, some rights reserved (CC BY-NC), uploaded by steve_orridge"
"349","Crinan Ear","Amphipoea crinanensis",TRUE,TRUE,"O",FALSE,FALSE,"irises",FALSE,"https://inaturalist-open-data.s3.amazonaws.com/photos/106030686/medium.jpeg","(c) steve_orridge, some rights reserved (CC BY-NC), uploaded by steve_orridge"
"350","Rosy Rustic","Hydraecia micacea",TRUE,FALSE,"P",TRUE,TRUE,"",TRUE,"https://inaturalist-open-data.s3.amazonaws.com/photos/442262/medium.jpg","(c) Donald Hobern, some rights reserved (CC BY)"
"351","Frosted Orange","Gortyna flavago",TRUE,FALSE,"P",FALSE,TRUE,"",TRUE,"https://inaturalist-open-data.s3.amazonaws.com/photos/94532687/medium.jpg","(c) Michał Brzeziński, some rights reserved (CC BY-NC), uploaded by Michał Brzeziński"
"352","Lunar-spotted Pinion","Cosmia pyralina",TRUE,FALSE,"P",TRUE,FALSE,"",FALSE,"https://inaturalist-open-data.s3.amazonaws.com/photos/32275193/medium.jpg","(c) Philip Sansum, some rights reserved (CC BY-NC), uploaded by Sansum, P.A."
"353","Lesser-spotted Pinion","Cosmia affinis",TRUE,FALSE,"O",FALSE,FALSE,"",FALSE,"https://inaturalist-open-data.s3.amazonaws.com/photos/12730880/medium.jpg","(c) richardjaybee, some rights reserved (CC BY-NC), uploaded by richardjaybee"
"354","The Dun-bar","Cosmia trapezina",TRUE,FALSE,"P",TRUE,TRUE,"",FALSE,"https://static.inaturalist.org/photos/29439112/medium.jpg","(c) Paolo Mazzei, some rights reserved (CC BY-NC), uploaded by Paolo Mazzei"
"355","Copper Underwing","Amphipyra pyramidea",TRUE,FALSE,"P",FALSE,TRUE,"",TRUE,"https://inaturalist-open-data.s3.amazonaws.com/photos/59855854/medium.jpeg","(c) Jakob Fahr, some rights reserved (CC BY-NC), uploaded by Jakob Fahr"
"356","Mouse Moth","Amphipyra tragopoginis",TRUE,FALSE,"P",TRUE,TRUE,"",TRUE,"https://inaturalist-open-data.s3.amazonaws.com/photos/155026/medium.jpg","(c) naturalhistoryman, néhány jog fenntartva (CC BY-NC-ND)"
"357","Brown Rustic","Rusina ferruginea",TRUE,FALSE,"P",TRUE,TRUE,"",TRUE,"https://inaturalist-open-data.s3.amazonaws.com/photos/23640059/medium.jpeg","(c) Fernando de Juana, some rights reserved (CC BY-NC), uploaded by Fernando de Juana"
"358","Marbled Beauty","Cryphia domestica",NA,FALSE,NA,FALSE,NA,"",NA,"https://inaturalist-open-data.s3.amazonaws.com/photos/192240/medium.jpg","(c) naturalhistoryman, some rights reserved (CC BY-NC-ND)"
"359","Poplar Grey","Acronicta megacephala",NA,FALSE,NA,FALSE,NA,"",NA,"https://inaturalist-open-data.s3.amazonaws.com/photos/134863413/medium.jpg","(c) Michał Brzeziński, some rights reserved (CC BY-NC), uploaded by Michał Brzeziński"
"360","Grey Dagger","Acronicta psi",TRUE,FALSE,"P",TRUE,TRUE,"",TRUE,"https://static.inaturalist.org/photos/45394066/medium.jpg","(c) R.Fisher, all rights reserved, uploaded by R.Fisher"
"361","Knot Grass","Acronicta rumicis",TRUE,FALSE,"P",TRUE,TRUE,"",TRUE,"https://static.inaturalist.org/photos/63012293/medium.jpg","(c) Philip Sansum, all rights reserved, uploaded by Sansum, P.A."
"362","The Coronet","Craniophora ligustri",TRUE,FALSE,"O",FALSE,FALSE,"",TRUE,"https://inaturalist-open-data.s3.amazonaws.com/photos/9364282/medium.jpg","(c) Paul Cools, some rights reserved (CC BY-NC), uploaded by Paul Cools"
"363","Pale Pinion","Lithophane hepatica",NA,FALSE,NA,FALSE,NA,"",NA,"https://inaturalist-open-data.s3.amazonaws.com/photos/15705924/medium.jpg","(c) Patrick Clement, some rights reserved (CC BY)"
"364","Blair's Shoulder-knot","Lithophane leautieri hesperica",NA,FALSE,NA,FALSE,NA,"",NA,"https://inaturalist-open-data.s3.amazonaws.com/photos/2138248/medium.jpg","(c) oldbilluk, some rights reserved (CC BY-NC-SA)"
"365","Grey Shoulder-knot","Lithophane ornitopus lactipennis",NA,FALSE,NA,FALSE,NA,"",NA,"https://inaturalist-open-data.s3.amazonaws.com/photos/96920347/medium.jpg","(c) Michał Brzeziński, some rights reserved (CC BY-NC), uploaded by Michał Brzeziński"
"366","Red Sword-grass","Xylena vetusta",TRUE,FALSE,"P",TRUE,FALSE,"",TRUE,"https://static.inaturalist.org/photos/7493906/medium.jpg","(c) Nigel Voaden, all rights reserved"
"367","Early Grey","Xylocampa areola",TRUE,FALSE,"O",TRUE,TRUE,"honeysuckles",TRUE,"https://inaturalist-open-data.s3.amazonaws.com/photos/2215237/medium.jpg","(c) Donald Hobern, some rights reserved (CC BY)"
"368","The Sprawler","Asteroscopus sphinx",TRUE,FALSE,"P",TRUE,FALSE,"",TRUE,"https://inaturalist-open-data.s3.amazonaws.com/photos/10928154/medium.jpg","(c) Stan van Remmerden, some rights reserved (CC BY-NC), uploaded by Stan van Remmerden"
"369","Minor Shoulder-knot","Brachylomia viminalis",TRUE,FALSE,"O",TRUE,FALSE,"",FALSE,"https://static.inaturalist.org/photos/90095873/medium.jpg","(c) Maarit Similä, all rights reserved, uploaded by Maarit Similä"
"370","Deep-brown Dart","Aporophyla lutulenta",TRUE,FALSE,"P",TRUE,FALSE,"",TRUE,"https://inaturalist-open-data.s3.amazonaws.com/photos/155174806/medium.jpeg","(c) peterallenbds, some rights reserved (CC BY-NC)"
"371","Black Rustic","Aporophyla nigra",TRUE,FALSE,"P",TRUE,TRUE,"",TRUE,"https://inaturalist-open-data.s3.amazonaws.com/photos/1700181/medium.jpg","(c) Tony Morris, some rights reserved (CC BY-NC)"
"372","Green-brindled Crescent","Allophyes oxyacanthae",TRUE,FALSE,"P",TRUE,TRUE,"",TRUE,"https://inaturalist-open-data.s3.amazonaws.com/photos/4990005/medium.jpg","(c) Martin Grimm, some rights reserved (CC BY-NC), uploaded by Martin Grimm"
"373","Merveille du Jour","Dichonia aprilina",NA,FALSE,NA,TRUE,NA,"",NA,"https://inaturalist-open-data.s3.amazonaws.com/photos/5173515/medium.jpg","(c) Ben Sale, some rights reserved (CC BY)"
"374","Dark Brocade","Mniotype adusta",TRUE,FALSE,"P",TRUE,FALSE,"",TRUE,"https://inaturalist-open-data.s3.amazonaws.com/photos/2648624/medium.jpg","(c) Urmas Ojango, some rights reserved (CC BY-NC)"
"375","Feathered Ranunculus","Polymixis lichenea",TRUE,FALSE,"P",TRUE,FALSE,"",TRUE,"https://static.inaturalist.org/photos/2090924/medium.jpg","(c) Valter Jacinto, all rights reserved"
"376","Brindled Green","Dryobotodes eremita",TRUE,FALSE,"P",TRUE,FALSE,"",TRUE,"https://inaturalist-open-data.s3.amazonaws.com/photos/3728290/medium.jpg","(c) Tony Morris, some rights reserved (CC BY-NC)"
"377","Brindled Ochre","Dasypolia templi",TRUE,FALSE,"O",TRUE,FALSE,"",TRUE,"https://static.inaturalist.org/photos/2744384/medium.jpg","(c) Nigel Voaden, all rights reserved"
"378","Large Ranunculus","Polymixis flavicincta",TRUE,FALSE,"P",TRUE,FALSE,"",TRUE,"https://inaturalist-open-data.s3.amazonaws.com/photos/27055368/medium.jpeg","(c) Pascal Dubois, some rights reserved (CC BY-NC), uploaded by Pascal Dubois"
"379","Grey Chi","Antitype chi",TRUE,FALSE,"P",TRUE,FALSE,"",TRUE,"https://inaturalist-open-data.s3.amazonaws.com/photos/12141654/medium.jpg","(c) Janet Graham, néhány jog fenntartva (CC BY)"
"380","The Satellite","Eupsilia transversa",TRUE,FALSE,"P",FALSE,TRUE,"",TRUE,"https://inaturalist-open-data.s3.amazonaws.com/photos/2674439/medium.jpg","(c) Martin Grimm, some rights reserved (CC BY-NC)"
"381","Dotted Chestnut","Conistra rubiginea",TRUE,FALSE,"M",FALSE,FALSE,"Apple",TRUE,"https://static.inaturalist.org/photos/29440129/medium.jpg","(c) Paolo Mazzei, some rights reserved (CC BY-NC), uploaded by Paolo Mazzei"
"382","Lunar Underwing","Omphaloscelis lunosa",TRUE,FALSE,"O",FALSE,TRUE,"",TRUE,"https://inaturalist-open-data.s3.amazonaws.com/photos/53110785/medium.jpeg","(c) simondenis142857, some rights reserved (CC BY-NC), uploaded by simondenis142857"
"383","Red-line Quaker","Agrochola (Leptologia) lota",NA,FALSE,NA,FALSE,NA,"",NA,"",""
"384","Yellow-line Quaker","Agrochola (Leptologia) macilenta",NA,FALSE,NA,FALSE,NA,"",NA,"",""
"385","The Brick","Agrochola (Sunira) circellaris",NA,FALSE,NA,FALSE,NA,"",NA,"",""
"386","Beaded Chestnut","Agrochola lychnidis",TRUE,FALSE,"P",TRUE,FALSE,"",TRUE,"https://inaturalist-open-data.s3.amazonaws.com/photos/96919903/medium.jpeg","(c) Michał Brzeziński, néhány jog fenntartva (CC BY-NC), uploaded by Michał Brzeziński"
"387","Flounced Chestnut","Agrochola (Anchoscelis) helvola",NA,FALSE,NA,TRUE,NA,"",NA,"",""
"388","Brown-spot Pinion","Agrochola (Anchoscelis) litura",NA,FALSE,NA,TRUE,NA,"",NA,"",""
"389","Centre-barred Sallow","Atethmia centrago",TRUE,FALSE,"M",TRUE,TRUE,"Ash",TRUE,"https://inaturalist-open-data.s3.amazonaws.com/photos/65920526/medium.jpg","(c) Vojtek Pavel, some rights reserved (CC BY-NC), uploaded by Vojtek Pavel"
"390","Orange Sallow","Xanthia citrago",NA,FALSE,NA,FALSE,NA,"",NA,"https://inaturalist-open-data.s3.amazonaws.com/photos/97092496/medium.jpg","(c) Michał Brzeziński, some rights reserved (CC BY-NC), uploaded by Michał Brzeziński"
"391","Barred Sallow","Xanthia aurago",NA,FALSE,NA,FALSE,NA,"",NA,"https://inaturalist-open-data.s3.amazonaws.com/photos/50604458/medium.jpg","(c) Luca Boscain, some rights reserved (CC BY-NC), uploaded by Luca Boscain"
"392","Pink-barred Sallow","Xanthia togata",TRUE,FALSE,"P",TRUE,TRUE,"",FALSE,"https://inaturalist-open-data.s3.amazonaws.com/photos/97092478/medium.jpg","(c) Michał Brzeziński, some rights reserved (CC BY-NC), uploaded by Michał Brzeziński"
"393","The Sallow","Xanthia icteritia",NA,FALSE,NA,TRUE,NA,"",NA,"https://inaturalist-open-data.s3.amazonaws.com/photos/96770771/medium.jpg","(c) Michał Brzeziński, some rights reserved (CC BY-NC), uploaded by Michał Brzeziński"
"394","Dusky-lemon Sallow","Xanthia gilvago",NA,FALSE,NA,TRUE,NA,"",NA,"https://inaturalist-open-data.s3.amazonaws.com/photos/32014026/medium.jpeg","(c) Danilo Ugrnov, some rights reserved (CC BY-NC), uploaded by Danilo Ugrnov"
"395","The Chestnut","Conistra vaccinii",TRUE,FALSE,"P",FALSE,TRUE,"",FALSE,"https://inaturalist-open-data.s3.amazonaws.com/photos/100895522/medium.jpg","(c) Michał Brzeziński, some rights reserved (CC BY-NC), uploaded by Michał Brzeziński"
"396","Dark Chestnut","Conistra ligula",TRUE,FALSE,"P",FALSE,FALSE,"",FALSE,"https://inaturalist-open-data.s3.amazonaws.com/photos/2625856/medium.jpg","(c) anonymous, some rights reserved (CC BY-SA)"
"397","Marbled White-spot","Protodeltote pygarga",NA,FALSE,NA,FALSE,NA,"",NA,"https://inaturalist-open-data.s3.amazonaws.com/photos/134294696/medium.jpg","(с) Michał Brzeziński, некоторые права защищены (CC BY-NC), uploaded by Michał Brzeziński"
"398","Nut-tree Tussock","Colocasia coryli",TRUE,FALSE,"P",FALSE,TRUE,"",TRUE,"https://inaturalist-open-data.s3.amazonaws.com/photos/130343834/medium.jpg","(c) Michał Brzeziński, some rights reserved (CC BY-NC), uploaded by Michał Brzeziński"
"399","Figure of Eight","Diloba caeruleocephala",TRUE,FALSE,"O",TRUE,FALSE,"",TRUE,"https://inaturalist-open-data.s3.amazonaws.com/photos/11825918/medium.jpeg","(c) Fernando de Juana, some rights reserved (CC BY-NC), uploaded by Fernando de Juana"
"400","Golden Plusia","Polychrysia moneta",TRUE,FALSE,"P",TRUE,FALSE,"",TRUE,"https://static.inaturalist.org/photos/11302516/medium.jpg","(c) Pete Mella, all rights reserved, uploaded by petemella"
"401","Burnished Brass","Diachrysia chrysitis",TRUE,FALSE,"P",TRUE,TRUE,"",TRUE,"https://inaturalist-open-data.s3.amazonaws.com/photos/23291313/medium.jpg","(c) Andreas Manz, some rights reserved (CC BY-NC), uploaded by Andreas Manz"
"402","Gold Spangle","Autographa bractea",TRUE,TRUE,"P",FALSE,FALSE,"",TRUE,"https://inaturalist-open-data.s3.amazonaws.com/photos/144517144/medium.jpg","(с) Michał Brzeziński, некоторые права защищены (CC BY-NC), uploaded by Michał Brzeziński"
"403","Gold Spot","Plusia festucae",TRUE,FALSE,"P",FALSE,TRUE,"",TRUE,"https://inaturalist-open-data.s3.amazonaws.com/photos/443435/medium.jpg","(c) Donald Hobern, some rights reserved (CC BY)"
"404","Plain Golden Y","Autographa jota",TRUE,FALSE,"P",TRUE,TRUE,"",TRUE,"https://inaturalist-open-data.s3.amazonaws.com/photos/933687/medium.jpg","(c) Donald Hobern, some rights reserved (CC BY)"
"405","Beautiful Golden Y","Autographa pulchrina",TRUE,FALSE,"P",TRUE,TRUE,"",TRUE,"https://inaturalist-open-data.s3.amazonaws.com/photos/1700189/medium.jpg","(c) Ben Sale, some rights reserved (CC BY)"
"406","Silver Y","Autographa gamma",NA,TRUE,"P",TRUE,TRUE,"",TRUE,"https://inaturalist-open-data.s3.amazonaws.com/photos/97764377/medium.jpg","(c) Александр Корепанов, some rights reserved (CC BY-NC), uploaded by Александр Корепанов"
"407","Scarce Silver Y","Syngrapha interrogationis",TRUE,TRUE,"P",TRUE,FALSE,"",TRUE,"https://inaturalist-open-data.s3.amazonaws.com/photos/29611949/medium.jpg","(c) Andrey Ponomarev, some rights reserved (CC BY-NC), uploaded by Andrey Ponomarev"
"408","Dark Spectacle","Abrostola triplasia",TRUE,FALSE,"P",FALSE,FALSE,"",TRUE,"https://static.inaturalist.org/photos/29539593/medium.jpg","(c) Henk Wallays, all rights reserved, uploaded by Henk Wallays"
"409","The Spectacle","Abrostola tripartita",TRUE,FALSE,"M",FALSE,TRUE,"Common Nettle",TRUE,"https://inaturalist-open-data.s3.amazonaws.com/photos/3353606/medium.jpg","(c) Donald Hobern, some rights reserved (CC BY)"
"410","Common Rustic","Mesapamea secalis/didyma",NA,FALSE,NA,TRUE,NA,"",NA,"",""
"411","Svensson's Copper Underwing","Amphipyra berbera berbera",NA,FALSE,NA,FALSE,NA,"",NA,"https://inaturalist-open-data.s3.amazonaws.com/photos/59855854/medium.jpeg","(c) Jakob Fahr, some rights reserved (CC BY-NC), uploaded by Jakob Fahr"
"412","Short-cloaked Moth","Nola cucullatella",TRUE,FALSE,"O",TRUE,FALSE,"",FALSE,"https://inaturalist-open-data.s3.amazonaws.com/photos/30329585/medium.jpg","(c) Andrey Ponomarev, some rights reserved (CC BY-NC), uploaded by Andrey Ponomarev"
"413","Kent Black Arches","Meganola albula",TRUE,FALSE,"O",NA,FALSE,"",FALSE,"https://inaturalist-open-data.s3.amazonaws.com/photos/1711733/medium.jpg","(c) Ben Sale, some rights reserved (CC BY)"
"414","Least Black Arches","Nola confusalis",TRUE,FALSE,"P",FALSE,TRUE,"",FALSE,"https://inaturalist-open-data.s3.amazonaws.com/photos/98748907/medium.jpg","(c) Heiner Ziegler, some rights reserved (CC BY-NC), uploaded by Heiner Ziegler"
"415","Green Silver-lines","Pseudoips prasinana britannica",NA,FALSE,NA,FALSE,NA,"",NA,"https://inaturalist-open-data.s3.amazonaws.com/photos/130344016/medium.jpg","(c) Michał Brzeziński, some rights reserved (CC BY-NC), uploaded by Michał Brzeziński"
"416","Oak Nycteoline","Nycteola revayana",TRUE,FALSE,"O",FALSE,FALSE,"",FALSE,"https://inaturalist-open-data.s3.amazonaws.com/photos/12294669/medium.jpg","(c) Nikolai Vladimirov, some rights reserved (CC BY-NC), uploaded by Nikolai Vladimirov"
"417","Lobster Moth","Stauropus fagi",TRUE,FALSE,"P",FALSE,FALSE,"",TRUE,"https://static.inaturalist.org/photos/19186331/medium.jpg","(с) afield, все права защищены"
"418","Marbled Brown","Drymonia dodonaea",TRUE,FALSE,"P",TRUE,FALSE,"",TRUE,"https://inaturalist-open-data.s3.amazonaws.com/photos/134293849/medium.jpg","(c) Michał Brzeziński, some rights reserved (CC BY-NC), uploaded by Michał Brzeziński"
"419","Lunar Marbled Brown","Drymonia ruficornis",TRUE,FALSE,"P",TRUE,FALSE,"",TRUE,"https://inaturalist-open-data.s3.amazonaws.com/photos/193541525/medium.jpg","(c) Michał Brzeziński, some rights reserved (CC BY-NC), uploaded by Michał Brzeziński"
"420","Swallow Prominent","Pheosia tremula",TRUE,FALSE,"P",FALSE,TRUE,"",TRUE,"https://inaturalist-open-data.s3.amazonaws.com/photos/1837316/medium.jpg","(c) nutmeg66, some rights reserved (CC BY-NC-ND)"
"421","Lesser Swallow Prominent","Pheosia gnoma",TRUE,FALSE,"P",TRUE,TRUE,"",TRUE,"https://static.inaturalist.org/photos/1501559/medium.jpg","(с) Nigel Voaden, все права защищены"
"422","Pebble Prominent","Notodonta ziczac",TRUE,FALSE,"P",TRUE,TRUE,"",TRUE,"https://static.inaturalist.org/photos/30335000/medium.jpg","(c) Paolo Mazzei, some rights reserved (CC BY-NC), uploaded by Paolo Mazzei"
"423","Iron Prominent","Notodonta dromedarius",TRUE,FALSE,"P",TRUE,TRUE,"",TRUE,"https://static.inaturalist.org/photos/18066323/medium.jpg","(c) sj_naturalist, all rights reserved"
"424","Great Prominent","Peridea anceps",TRUE,FALSE,"P",TRUE,FALSE,"",TRUE,"https://static.inaturalist.org/photos/30342307/medium.jpg","(c) Paolo Mazzei, some rights reserved (CC BY-NC), uploaded by Paolo Mazzei"
"425","Coxcomb Prominent","Ptilodon capucina",TRUE,FALSE,"P",TRUE,TRUE,"",TRUE,"https://static.inaturalist.org/photos/96575154/medium.jpg","(c) Nigel Voaden, all rights reserved"
"426","Scarce Prominent","Odontosia carmelita",TRUE,FALSE,"P",FALSE,FALSE,"",TRUE,"https://static.inaturalist.org/photos/7430327/medium.jpg","(c) Nigel Voaden, all rights reserved"
"427","Pale Prominent","Pterostoma palpina",TRUE,FALSE,"P",TRUE,TRUE,"",TRUE,"https://inaturalist-open-data.s3.amazonaws.com/photos/2580848/medium.jpg","(c) nutmeg66, some rights reserved (CC BY-NC-ND)"
"428","Buff-tip","Phalera bucephala",TRUE,FALSE,"P",TRUE,TRUE,"",TRUE,"https://inaturalist-open-data.s3.amazonaws.com/photos/8921/medium.jpg","(c) Rachel, some rights reserved (CC BY-NC-ND)"
"429","Chocolate-tip","Clostera curtula",TRUE,FALSE,"P",TRUE,FALSE,"",FALSE,"https://inaturalist-open-data.s3.amazonaws.com/photos/4595206/medium.jpg","(c) Donald Hobern, some rights reserved (CC BY)"
"430","Emperor Moth","Saturnia pavonia",TRUE,TRUE,"P",TRUE,TRUE,"",TRUE,"https://inaturalist-open-data.s3.amazonaws.com/photos/71951569/medium.jpg","(c) avaitere, some rights reserved (CC BY-NC), uploaded by avaitere"
"431","Poplar Hawk-moth","Laothoe populi",TRUE,FALSE,"O",TRUE,TRUE,"",TRUE,"https://inaturalist-open-data.s3.amazonaws.com/photos/17151/medium.jpg","(c) Donald Hobern, some rights reserved (CC BY)"
"432","Elephant Hawk-moth","Deilephila elpenor",TRUE,FALSE,"P",TRUE,TRUE,"",TRUE,"https://inaturalist-open-data.s3.amazonaws.com/photos/25002/medium.jpg","(c) Andy Phillips, some rights reserved (CC BY-ND)"
